﻿anyo,Distrito,paro_registrado_anual
2012,ARGANZUELA,10850.166666666666
2012,BARAJAS,2642.1666666666665
2012,CARABANCHEL,22368.25
2012,CENTRO,11681.5
2012,CHAMARTIN,6820.333333333333
2012,CHAMBERA,7790.727272727273
2012,CHAMBERI,7881.0
2012,CIUDADLINEAL,15642.0
2012,FUENCARRALELPARDO,13411.416666666666
2012,HORTALEZA,10740.333333333334
2012,LATINA,19785.333333333332
2012,MONCLOAARAVACA,6145.916666666667
2012,MORATALAZ,8181.916666666667
2012,PUENTEDEVALLECAS,25421.583333333332
2012,RETIRO,6457.333333333333
2012,SALAMANCA,7554.166666666667
2012,SANBLAS,12076.181818181818
2012,SANBLASCANILLEJAS,12298.0
2012,TETUAN,12185.166666666666
2012,USERA,13187.0
2012,VICALVARO,6825.25
2012,VILLADEVALLECAS,10037.25
2012,VILLAVERDE,15407.666666666666
2013,ARGANZUELA,10965.916666666666
2013,BARAJAS,2819.25
2013,CARABANCHEL,23538.083333333332
2013,CENTRO,11820.583333333334
2013,CHAMARTIN,7129.166666666667
2013,CHAMBERI,7788.25
2013,CIUDADLINEAL,16174.833333333334
2013,FUENCARRALELPARDO,13920.083333333334
2013,HORTALEZA,11295.333333333334
2013,LATINA,20454.333333333332
2013,MONCLOAARAVACA,6289.916666666667
2013,MORATALAZ,7560.666666666667
2013,PUENTEDEVALLECAS,25999.833333333332
2013,RETIRO,6539.166666666667
2013,SALAMANCA,7699.0
2013,SANBLASCANILLEJAS,12815.25
2013,TETUAN,12457.916666666666
2013,USERA,13694.5
2013,VICALVARO,6247.166666666667
2013,VILLADEVALLECAS,9975.083333333334
2013,VILLAVERDE,16035.833333333334
2014,ARGANZUELA,10137.75
2014,BARAJAS,2709.6666666666665
2014,CARABANCHEL,22298.75
2014,CENTRO,10828.25
2014,CHAMARTIN,6491.833333333333
2014,CHAMBERI,7131.0
2014,CIUDADLINEAL,15455.833333333334
2014,FUENCARRALELPARDO,13000.583333333334
2014,HORTALEZA,10677.083333333334
2014,LATINA,19162.333333333332
2014,MONCLOAARAVACA,5840.75
2014,MORATALAZ,7214.666666666667
2014,PUENTEDEVALLECAS,24884.0
2014,RETIRO,6056.0
2014,SALAMANCA,6953.25
2014,SANBLASCANILLEJAS,12313.166666666666
2014,TETUAN,11787.416666666666
2014,USERA,12876.916666666666
2014,VICALVARO,6063.916666666667
2014,VILLADEVALLECAS,9443.166666666666
2014,VILLAVERDE,15189.25
2015,ARGANZUELA,9326.25
2015,BARAJAS,2461.6666666666665
2015,CARABANCHEL,20536.416666666668
2015,CENTRO,9909.5
2015,CHAMARTIN,5981.416666666667
2015,CHAMBERI,6412.5
2015,CIUDADLINEAL,14325.833333333334
2015,FUENCARRALELPARDO,11785.25
2015,HORTALEZA,9959.666666666666
2015,LATINA,17653.666666666668
2015,MONCLOAARAVACA,5312.666666666667
2015,MORATALAZ,6701.833333333333
2015,PUENTEDEVALLECAS,23272.583333333332
2015,RETIRO,5415.5
2015,SALAMANCA,6305.25
2015,SANBLASCANILLEJAS,11542.083333333334
2015,TETUAN,10847.916666666666
2015,USERA,12150.583333333334
2015,VICALVARO,5671.75
2015,VILLADEVALLECAS,8680.916666666666
2015,VILLAVERDE,14016.583333333334
2016,ARGANZUELA,8491.833333333334
2016,BARAJAS,2240.9166666666665
2016,CARABANCHEL,19043.5
2016,CENTRO,9208.416666666666
2016,CHAMARTIN,5591.416666666667
2016,CHAMBERI,5844.916666666667
2016,CIUDADLINEAL,13059.083333333334
2016,FUENCARRALELPARDO,10793.166666666666
2016,HORTALEZA,9264.416666666666
2016,LATINA,16221.25
2016,MONCLOAARAVACA,4892.75
2016,MORATALAZ,6062.916666666667
2016,PUENTEDEVALLECAS,21521.75
2016,RETIRO,4932.166666666667
2016,SALAMANCA,5812.75
2016,SANBLASCANILLEJAS,10709.25
2016,TETUAN,9957.833333333334
2016,USERA,11096.583333333334
2016,VICALVARO,5186.666666666667
2016,VILLADEVALLECAS,8048.916666666667
2016,VILLAVERDE,12777.833333333334
2017,ARGANZUELA,7655.333333333333
2017,BARAJAS,2040.1666666666667
2017,CARABANCHEL,17317.5
2017,CENTRO,8406.416666666666
2017,CHAMARTIN,5104.833333333333
2017,CHAMBERI,5280.25
2017,CIUDADLINEAL,11774.166666666666
2017,FUENCARRALELPARDO,9892.75
2017,HORTALEZA,8579.083333333334
2017,LATINA,14640.666666666666
2017,MONCLOAARAVACA,4468.666666666667
2017,MORATALAZ,5625.083333333333
2017,PUENTEDEVALLECAS,19715.083333333332
2017,RETIRO,4537.833333333333
2017,SALAMANCA,5359.666666666667
2017,SANBLASCANILLEJAS,9815.5
2017,TETUAN,9139.25
2017,USERA,10146.166666666666
2017,VICALVARO,4909.833333333333
2017,VILLADEVALLECAS,7577.583333333333
2017,VILLAVERDE,11722.833333333334
2018,ARGANZUELA,6944.666666666667
2018,BARAJAS,1844.5833333333333
2018,CARABANCHEL,16299.916666666666
2018,CENTRO,7761.75
2018,CHAMARTIN,4686.0
2018,CHAMBERI,4927.0
2018,CIUDADLINEAL,10742.833333333334
2018,FUENCARRALELPARDO,9122.083333333334
2018,HORTALEZA,7955.5
2018,LATINA,13529.333333333334
2018,MONCLOAARAVACA,4213.666666666667
2018,MORATALAZ,5259.5
2018,PUENTEDEVALLECAS,18460.916666666668
2018,RETIRO,4246.333333333333
2018,SALAMANCA,4927.0
2018,SANBLASCANILLEJAS,8963.666666666666
2018,TETUAN,8240.416666666666
2018,USERA,9551.833333333334
2018,VICALVARO,4566.833333333333
2018,VILLADEVALLECAS,7203.833333333333
2018,VILLAVERDE,10961.666666666666
2019,ARGANZUELA,6638.0
2019,BARAJAS,1819.4166666666667
2019,CARABANCHEL,15804.583333333334
2019,CENTRO,7441.083333333333
2019,CHAMARTIN,4483.333333333333
2019,CHAMBERI,4625.083333333333
2019,CIUDADLINEAL,10272.25
2019,FUENCARRALELPARDO,8826.416666666666
2019,HORTALEZA,7661.083333333333
2019,LATINA,12858.166666666666
2019,MONCLOAARAVACA,4022.1666666666665
2019,MORATALAZ,4915.916666666667
2019,PUENTEDEVALLECAS,17652.916666666668
2019,RETIRO,4046.9166666666665
2019,SALAMANCA,4645.583333333333
2019,SANBLASCANILLEJAS,8561.916666666666
2019,TETUAN,7920.833333333333
2019,USERA,9340.5
2019,VICALVARO,4408.583333333333
2019,VILLADEVALLECAS,7102.333333333333
2019,VILLAVERDE,10478.666666666666
2020,ARGANZUELA,8080.916666666667
2020,BARAJAS,2255.75
2020,CARABANCHEL,18987.0
2020,CENTRO,9642.916666666666
2020,CHAMARTIN,5472.666666666667
2020,CHAMBERI,5637.916666666667
2020,CIUDADLINEAL,12362.0
2020,FUENCARRALELPARDO,10246.833333333334
2020,HORTALEZA,9232.5
2020,LATINA,15492.666666666666
2020,MONCLOAARAVACA,4868.916666666667
2020,MORATALAZ,5760.0
2020,PUENTEDEVALLECAS,20553.333333333332
2020,RETIRO,4720.666666666667
2020,SALAMANCA,5631.916666666667
2020,SANBLASCANILLEJAS,10195.916666666666
2020,TETUAN,9635.916666666666
2020,USERA,11324.166666666666
2020,VICALVARO,5116.916666666667
2020,VILLADEVALLECAS,8318.583333333334
2020,VILLAVERDE,12856.833333333334
2021,ARGANZUELA,7886.916666666667
2021,BARAJAS,2292.8333333333335
2021,CARABANCHEL,19505.583333333332
2021,CENTRO,9613.166666666666
2021,CHAMARTIN,5501.333333333333
2021,CHAMBERI,5625.083333333333
2021,CIUDADLINEAL,12657.666666666666
2021,FUENCARRALELPARDO,10614.333333333334
2021,HORTALEZA,9469.25
2021,LATINA,16070.75
2021,MONCLOAARAVACA,4947.5
2021,MORATALAZ,5924.333333333333
2021,PUENTEDEVALLECAS,21206.083333333332
2021,RETIRO,4768.25
2021,SALAMANCA,5732.083333333333
2021,SANBLASCANILLEJAS,10676.333333333334
2021,TETUAN,9930.833333333334
2021,USERA,11806.25
2021,VICALVARO,5365.916666666667
2021,VILLADEVALLECAS,8381.833333333334
2021,VILLAVERDE,13304.75
2022,ARGANZUELA,5810.416666666667
2022,BARAJAS,1672.6666666666667
2022,CARABANCHEL,14493.5
2022,CENTRO,6732.083333333333
2022,CHAMARTIN,3976.0833333333335
2022,CHAMBERI,4040.3333333333335
2022,CIUDADLINEAL,9338.416666666666
2022,FUENCARRALELPARDO,8040.333333333333
2022,HORTALEZA,7171.5
2022,LATINA,12036.333333333334
2022,MONCLOAARAVACA,3625.5833333333335
2022,MORATALAZ,4585.166666666667
2022,PUENTEDEVALLECAS,16347.916666666666
2022,RETIRO,3561.6666666666665
2022,SALAMANCA,3967.1666666666665
2022,SANBLASCANILLEJAS,8137.833333333333
2022,TETUAN,7147.583333333333
2022,USERA,8678.333333333334
2022,VICALVARO,4351.416666666667
2022,VILLADEVALLECAS,6584.5
2022,VILLAVERDE,9932.5
2023,ARGANZUELA,5541.916666666667
2023,BARAJAS,1558.3333333333333
2023,CARABANCHEL,14019.0
2023,CENTRO,6374.75
2023,CHAMARTIN,3733.8333333333335
2023,CHAMBERI,3823.0833333333335
2023,CIUDADLINEAL,9019.416666666666
2023,FUENCARRALELPARDO,7629.25
2023,HORTALEZA,6767.0
2023,LATINA,11506.25
2023,MONCLOAARAVACA,3489.0833333333335
2023,MORATALAZ,4402.25
2023,PUENTEDEVALLECAS,15703.333333333334
2023,RETIRO,3292.25
2023,SALAMANCA,3818.0
2023,SANBLASCANILLEJAS,7819.083333333333
2023,TETUAN,6808.666666666667
2023,USERA,8360.5
2023,VICALVARO,4370.75
2023,VILLADEVALLECAS,6460.666666666667
2023,VILLAVERDE,9617.583333333334
2024,ARGANZUELA,5382.916666666667
2024,BARAJAS,1477.6666666666667
2024,CARABANCHEL,13715.083333333334
2024,CENTRO,6246.333333333333
2024,CHAMARTIN,3708.1666666666665
2024,CHAMBERI,3804.9166666666665
2024,CIUDADLINEAL,8889.916666666666
2024,FUENCARRALELPARDO,7372.416666666667
2024,HORTALEZA,6492.916666666667
2024,LATINA,11223.166666666666
2024,MONCLOAARAVACA,3388.8333333333335
2024,MORATALAZ,4153.833333333333
2024,PUENTEDEVALLECAS,15251.0
2024,RETIRO,3100.1666666666665
2024,SALAMANCA,3747.75
2024,SANBLASCANILLEJAS,7573.083333333333
2024,TETUAN,6644.25
2024,USERA,8127.5
2024,VICALVARO,4351.083333333333
2024,VILLADEVALLECAS,6259.333333333333
2024,VILLAVERDE,9369.666666666666
