﻿anyo,Mes,Distrito,Paro registrado
2012,Diciembre,CENTRO,11707
2012,Diciembre,ARGANZUELA,11049
2012,Diciembre,RETIRO,6455
2012,Diciembre,SALAMANCA,7689
2012,Diciembre,CHAMARTIN,6890
2012,Diciembre,TETUAN,12232
2012,Diciembre,CHAMBERI,7881
2012,Diciembre,FUENCARRALELPARDO,13657
2012,Diciembre,MONCLOAARAVACA,6301
2012,Diciembre,LATINA,19946
2012,Diciembre,CARABANCHEL,22877
2012,Diciembre,USERA,13398
2012,Diciembre,PUENTEDEVALLECAS,25268
2012,Diciembre,MORATALAZ,7347
2012,Diciembre,CIUDADLINEAL,15783
2012,Diciembre,HORTALEZA,10902
2012,Diciembre,VILLAVERDE,15631
2012,Diciembre,VILLADEVALLECAS,9723
2012,Diciembre,VICALVARO,6017
2012,Diciembre,SANBLASCANILLEJAS,12298
2012,Diciembre,BARAJAS,2718
2013,Enero,CENTRO,12168
2013,Enero,ARGANZUELA,11254
2013,Enero,RETIRO,6672
2013,Enero,SALAMANCA,7853
2013,Enero,CHAMARTIN,7207
2013,Enero,TETUAN,12513
2013,Enero,CHAMBERI,8026
2013,Enero,FUENCARRALELPARDO,14111
2013,Enero,MONCLOAARAVACA,6440
2013,Enero,LATINA,20742
2013,Enero,CARABANCHEL,23759
2013,Enero,USERA,13859
2013,Enero,PUENTEDEVALLECAS,26084
2013,Enero,MORATALAZ,7573
2013,Enero,CIUDADLINEAL,16258
2013,Enero,HORTALEZA,11179
2013,Enero,VILLAVERDE,16133
2013,Enero,VILLADEVALLECAS,10019
2013,Enero,VICALVARO,6205
2013,Enero,SANBLASCANILLEJAS,12813
2013,Enero,BARAJAS,2801
2013,Febrero,CENTRO,12153
2013,Febrero,ARGANZUELA,11263
2013,Febrero,RETIRO,6751
2013,Febrero,SALAMANCA,7945
2013,Febrero,CHAMARTIN,7226
2013,Febrero,TETUAN,12655
2013,Febrero,CHAMBERI,8069
2013,Febrero,FUENCARRALELPARDO,14151
2013,Febrero,MONCLOAARAVACA,6470
2013,Febrero,LATINA,20950
2013,Febrero,CARABANCHEL,24275
2013,Febrero,USERA,14011
2013,Febrero,PUENTEDEVALLECAS,26638
2013,Febrero,MORATALAZ,7662
2013,Febrero,CIUDADLINEAL,16554
2013,Febrero,HORTALEZA,11474
2013,Febrero,VILLAVERDE,16217
2013,Febrero,VILLADEVALLECAS,10145
2013,Febrero,VICALVARO,6351
2013,Febrero,SANBLASCANILLEJAS,12994
2013,Febrero,BARAJAS,2833
2013,Marzo,CENTRO,12265
2013,Marzo,ARGANZUELA,11168
2013,Marzo,RETIRO,6782
2013,Marzo,SALAMANCA,7966
2013,Marzo,CHAMARTIN,7253
2013,Marzo,TETUAN,12760
2013,Marzo,CHAMBERI,8076
2013,Marzo,FUENCARRALELPARDO,14215
2013,Marzo,MONCLOAARAVACA,6505
2013,Marzo,LATINA,21084
2013,Marzo,CARABANCHEL,24216
2013,Marzo,USERA,14126
2013,Marzo,PUENTEDEVALLECAS,26510
2013,Marzo,MORATALAZ,7691
2013,Marzo,CIUDADLINEAL,16626
2013,Marzo,HORTALEZA,11478
2013,Marzo,VILLAVERDE,16525
2013,Marzo,VILLADEVALLECAS,10060
2013,Marzo,VICALVARO,6362
2013,Marzo,SANBLASCANILLEJAS,13151
2013,Marzo,BARAJAS,2838
2013,Abril,CENTRO,12113
2013,Abril,ARGANZUELA,11134
2013,Abril,RETIRO,6619
2013,Abril,SALAMANCA,7916
2013,Abril,CHAMARTIN,7308
2013,Abril,TETUAN,12693
2013,Abril,CHAMBERI,7932
2013,Abril,FUENCARRALELPARDO,14192
2013,Abril,MONCLOAARAVACA,6474
2013,Abril,LATINA,20918
2013,Abril,CARABANCHEL,24169
2013,Abril,USERA,14084
2013,Abril,PUENTEDEVALLECAS,26573
2013,Abril,MORATALAZ,7706
2013,Abril,CIUDADLINEAL,16520
2013,Abril,HORTALEZA,11515
2013,Abril,VILLAVERDE,16447
2013,Abril,VILLADEVALLECAS,10153
2013,Abril,VICALVARO,6328
2013,Abril,SANBLASCANILLEJAS,13066
2013,Abril,BARAJAS,2790
2013,Mayo,CENTRO,12001
2013,Mayo,ARGANZUELA,11041
2013,Mayo,RETIRO,6532
2013,Mayo,SALAMANCA,7787
2013,Mayo,CHAMARTIN,7212
2013,Mayo,TETUAN,12485
2013,Mayo,CHAMBERI,7911
2013,Mayo,FUENCARRALELPARDO,14029
2013,Mayo,MONCLOAARAVACA,6319
2013,Mayo,LATINA,20558
2013,Mayo,CARABANCHEL,23725
2013,Mayo,USERA,13777
2013,Mayo,PUENTEDEVALLECAS,26061
2013,Mayo,MORATALAZ,7614
2013,Mayo,CIUDADLINEAL,16221
2013,Mayo,HORTALEZA,11381
2013,Mayo,VILLAVERDE,16183
2013,Mayo,VILLADEVALLECAS,9968
2013,Mayo,VICALVARO,6258
2013,Mayo,SANBLASCANILLEJAS,12976
2013,Mayo,BARAJAS,2807
2013,Junio,CENTRO,11665
2013,Junio,ARGANZUELA,10789
2013,Junio,RETIRO,6332
2013,Junio,SALAMANCA,7553
2013,Junio,CHAMARTIN,7046
2013,Junio,TETUAN,12255
2013,Junio,CHAMBERI,7698
2013,Junio,FUENCARRALELPARDO,13696
2013,Junio,MONCLOAARAVACA,6120
2013,Junio,LATINA,20050
2013,Junio,CARABANCHEL,23173
2013,Junio,USERA,13593
2013,Junio,PUENTEDEVALLECAS,25826
2013,Junio,MORATALAZ,7408
2013,Junio,CIUDADLINEAL,15891
2013,Junio,HORTALEZA,11132
2013,Junio,VILLAVERDE,15884
2013,Junio,VILLADEVALLECAS,9869
2013,Junio,VICALVARO,6179
2013,Junio,SANBLASCANILLEJAS,12573
2013,Junio,BARAJAS,2793
2013,Julio,CENTRO,11818
2013,Julio,ARGANZUELA,10984
2013,Julio,RETIRO,6464
2013,Julio,SALAMANCA,7703
2013,Julio,CHAMARTIN,7103
2013,Julio,TETUAN,12189
2013,Julio,CHAMBERI,7760
2013,Julio,FUENCARRALELPARDO,13986
2013,Julio,MONCLOAARAVACA,6154
2013,Julio,LATINA,20222
2013,Julio,CARABANCHEL,22992
2013,Julio,USERA,13321
2013,Julio,PUENTEDEVALLECAS,25400
2013,Julio,MORATALAZ,7446
2013,Julio,CIUDADLINEAL,15943
2013,Julio,HORTALEZA,11186
2013,Julio,VILLAVERDE,15669
2013,Julio,VILLADEVALLECAS,9849
2013,Julio,VICALVARO,6194
2013,Julio,SANBLASCANILLEJAS,12603
2013,Julio,BARAJAS,2815
2013,Agosto,CENTRO,11855
2013,Agosto,ARGANZUELA,11080
2013,Agosto,RETIRO,6501
2013,Agosto,SALAMANCA,7667
2013,Agosto,CHAMARTIN,7214
2013,Agosto,TETUAN,12281
2013,Agosto,CHAMBERI,7736
2013,Agosto,FUENCARRALELPARDO,14016
2013,Agosto,MONCLOAARAVACA,6263
2013,Agosto,LATINA,20345
2013,Agosto,CARABANCHEL,22969
2013,Agosto,USERA,13297
2013,Agosto,PUENTEDEVALLECAS,25399
2013,Agosto,MORATALAZ,7472
2013,Agosto,CIUDADLINEAL,15911
2013,Agosto,HORTALEZA,11194
2013,Agosto,VILLAVERDE,15626
2013,Agosto,VILLADEVALLECAS,10008
2013,Agosto,VICALVARO,6184
2013,Agosto,SANBLASCANILLEJAS,12656
2013,Agosto,BARAJAS,2846
2013,Septiembre,CENTRO,11636
2013,Septiembre,ARGANZUELA,10928
2013,Septiembre,RETIRO,6495
2013,Septiembre,SALAMANCA,7583
2013,Septiembre,CHAMARTIN,7068
2013,Septiembre,TETUAN,12381
2013,Septiembre,CHAMBERI,7630
2013,Septiembre,FUENCARRALELPARDO,13697
2013,Septiembre,MONCLOAARAVACA,6270
2013,Septiembre,LATINA,20326
2013,Septiembre,CARABANCHEL,23140
2013,Septiembre,USERA,13526
2013,Septiembre,PUENTEDEVALLECAS,25860
2013,Septiembre,MORATALAZ,7543
2013,Septiembre,CIUDADLINEAL,16021
2013,Septiembre,HORTALEZA,11303
2013,Septiembre,VILLAVERDE,15866
2013,Septiembre,VILLADEVALLECAS,9984
2013,Septiembre,VICALVARO,6241
2013,Septiembre,SANBLASCANILLEJAS,12743
2013,Septiembre,BARAJAS,2821
2013,Octubre,CENTRO,11512
2013,Octubre,ARGANZUELA,10834
2013,Octubre,RETIRO,6509
2013,Octubre,SALAMANCA,7576
2013,Octubre,CHAMARTIN,7041
2013,Octubre,TETUAN,12606
2013,Octubre,CHAMBERI,7628
2013,Octubre,FUENCARRALELPARDO,13825
2013,Octubre,MONCLOAARAVACA,6274
2013,Octubre,LATINA,20376
2013,Octubre,CARABANCHEL,23609
2013,Octubre,USERA,13737
2013,Octubre,PUENTEDEVALLECAS,26242
2013,Octubre,MORATALAZ,7630
2013,Octubre,CIUDADLINEAL,16244
2013,Octubre,HORTALEZA,11439
2013,Octubre,VILLAVERDE,16113
2013,Octubre,VILLADEVALLECAS,10029
2013,Octubre,VICALVARO,6280
2013,Octubre,SANBLASCANILLEJAS,12924
2013,Octubre,BARAJAS,2855
2013,Noviembre,CENTRO,11478
2013,Noviembre,ARGANZUELA,10676
2013,Noviembre,RETIRO,6507
2013,Noviembre,SALAMANCA,7512
2013,Noviembre,CHAMARTIN,7041
2013,Noviembre,TETUAN,12524
2013,Noviembre,CHAMBERI,7577
2013,Noviembre,FUENCARRALELPARDO,13757
2013,Noviembre,MONCLOAARAVACA,6150
2013,Noviembre,LATINA,20250
2013,Noviembre,CARABANCHEL,23557
2013,Noviembre,USERA,13772
2013,Noviembre,PUENTEDEVALLECAS,26117
2013,Noviembre,MORATALAZ,7597
2013,Noviembre,CIUDADLINEAL,16177
2013,Noviembre,HORTALEZA,11310
2013,Noviembre,VILLAVERDE,16110
2013,Noviembre,VILLADEVALLECAS,9982
2013,Noviembre,VICALVARO,6271
2013,Noviembre,SANBLASCANILLEJAS,12803
2013,Noviembre,BARAJAS,2838
2013,Diciembre,CENTRO,11183
2013,Diciembre,ARGANZUELA,10440
2013,Diciembre,RETIRO,6306
2013,Diciembre,SALAMANCA,7327
2013,Diciembre,CHAMARTIN,6831
2013,Diciembre,TETUAN,12153
2013,Diciembre,CHAMBERI,7416
2013,Diciembre,FUENCARRALELPARDO,13366
2013,Diciembre,MONCLOAARAVACA,6040
2013,Diciembre,LATINA,19631
2013,Diciembre,CARABANCHEL,22873
2013,Diciembre,USERA,13231
2013,Diciembre,PUENTEDEVALLECAS,25288
2013,Diciembre,MORATALAZ,7386
2013,Diciembre,CIUDADLINEAL,15732
2013,Diciembre,HORTALEZA,10953
2013,Diciembre,VILLAVERDE,15657
2013,Diciembre,VILLADEVALLECAS,9635
2013,Diciembre,VICALVARO,6113
2013,Diciembre,SANBLASCANILLEJAS,12481
2013,Diciembre,BARAJAS,2794
2014,Enero,CENTRO,11416
2014,Enero,ARGANZUELA,10719
2014,Enero,RETIRO,6428
2014,Enero,SALAMANCA,7403
2014,Enero,CHAMARTIN,6895
2014,Enero,TETUAN,12312
2014,Enero,CHAMBERI,7659
2014,Enero,FUENCARRALELPARDO,13570
2014,Enero,MONCLOAARAVACA,6087
2014,Enero,LATINA,20013
2014,Enero,CARABANCHEL,23391
2014,Enero,USERA,13512
2014,Enero,PUENTEDEVALLECAS,25743
2014,Enero,MORATALAZ,7531
2014,Enero,CIUDADLINEAL,15885
2014,Enero,HORTALEZA,11091
2014,Enero,VILLAVERDE,15884
2014,Enero,VILLADEVALLECAS,9842
2014,Enero,VICALVARO,6251
2014,Enero,SANBLASCANILLEJAS,12689
2014,Enero,BARAJAS,2895
2014,Febrero,CENTRO,11421
2014,Febrero,ARGANZUELA,10694
2014,Febrero,RETIRO,6379
2014,Febrero,SALAMANCA,7409
2014,Febrero,CHAMARTIN,6867
2014,Febrero,TETUAN,12338
2014,Febrero,CHAMBERI,7537
2014,Febrero,FUENCARRALELPARDO,13664
2014,Febrero,MONCLOAARAVACA,6079
2014,Febrero,LATINA,20092
2014,Febrero,CARABANCHEL,23546
2014,Febrero,USERA,13639
2014,Febrero,PUENTEDEVALLECAS,26036
2014,Febrero,MORATALAZ,7541
2014,Febrero,CIUDADLINEAL,16063
2014,Febrero,HORTALEZA,11144
2014,Febrero,VILLAVERDE,16055
2014,Febrero,VILLADEVALLECAS,9893
2014,Febrero,VICALVARO,6284
2014,Febrero,SANBLASCANILLEJAS,12801
2014,Febrero,BARAJAS,2882
2014,Marzo,CENTRO,11319
2014,Marzo,ARGANZUELA,10508
2014,Marzo,RETIRO,6294
2014,Marzo,SALAMANCA,7293
2014,Marzo,CHAMARTIN,6778
2014,Marzo,TETUAN,12411
2014,Marzo,CHAMBERI,7477
2014,Marzo,FUENCARRALELPARDO,13641
2014,Marzo,MONCLOAARAVACA,6044
2014,Marzo,LATINA,20010
2014,Marzo,CARABANCHEL,23435
2014,Marzo,USERA,13534
2014,Marzo,PUENTEDEVALLECAS,25940
2014,Marzo,MORATALAZ,7553
2014,Marzo,CIUDADLINEAL,16113
2014,Marzo,HORTALEZA,11078
2014,Marzo,VILLAVERDE,15919
2014,Marzo,VILLADEVALLECAS,9881
2014,Marzo,VICALVARO,6311
2014,Marzo,SANBLASCANILLEJAS,12698
2014,Marzo,BARAJAS,2830
2014,Abril,CENTRO,11011
2014,Abril,ARGANZUELA,10282
2014,Abril,RETIRO,6154
2014,Abril,SALAMANCA,7088
2014,Abril,CHAMARTIN,6595
2014,Abril,TETUAN,12132
2014,Abril,CHAMBERI,7235
2014,Abril,FUENCARRALELPARDO,13425
2014,Abril,MONCLOAARAVACA,5937
2014,Abril,LATINA,19636
2014,Abril,CARABANCHEL,22912
2014,Abril,USERA,13224
2014,Abril,PUENTEDEVALLECAS,25596
2014,Abril,MORATALAZ,7356
2014,Abril,CIUDADLINEAL,15772
2014,Abril,HORTALEZA,10825
2014,Abril,VILLAVERDE,15567
2014,Abril,VILLADEVALLECAS,9748
2014,Abril,VICALVARO,6154
2014,Abril,SANBLASCANILLEJAS,12544
2014,Abril,BARAJAS,2712
2014,Mayo,CENTRO,10714
2014,Mayo,ARGANZUELA,10056
2014,Mayo,RETIRO,5996
2014,Mayo,SALAMANCA,6889
2014,Mayo,CHAMARTIN,6408
2014,Mayo,TETUAN,11768
2014,Mayo,CHAMBERI,7064
2014,Mayo,FUENCARRALELPARDO,12996
2014,Mayo,MONCLOAARAVACA,5789
2014,Mayo,LATINA,19045
2014,Mayo,CARABANCHEL,22063
2014,Mayo,USERA,12796
2014,Mayo,PUENTEDEVALLECAS,24923
2014,Mayo,MORATALAZ,7121
2014,Mayo,CIUDADLINEAL,15308
2014,Mayo,HORTALEZA,10494
2014,Mayo,VILLAVERDE,15129
2014,Mayo,VILLADEVALLECAS,9370
2014,Mayo,VICALVARO,6038
2014,Mayo,SANBLASCANILLEJAS,12267
2014,Mayo,BARAJAS,2644
2014,Junio,CENTRO,10443
2014,Junio,ARGANZUELA,9742
2014,Junio,RETIRO,5801
2014,Junio,SALAMANCA,6695
2014,Junio,CHAMARTIN,6280
2014,Junio,TETUAN,11477
2014,Junio,CHAMBERI,6855
2014,Junio,FUENCARRALELPARDO,12600
2014,Junio,MONCLOAARAVACA,5657
2014,Junio,LATINA,18531
2014,Junio,CARABANCHEL,21631
2014,Junio,USERA,12441
2014,Junio,PUENTEDEVALLECAS,24213
2014,Junio,MORATALAZ,6936
2014,Junio,CIUDADLINEAL,14974
2014,Junio,HORTALEZA,10365
2014,Junio,VILLAVERDE,14717
2014,Junio,VILLADEVALLECAS,9161
2014,Junio,VICALVARO,5852
2014,Junio,SANBLASCANILLEJAS,11978
2014,Junio,BARAJAS,2555
2014,Julio,CENTRO,10575
2014,Julio,ARGANZUELA,10048
2014,Julio,RETIRO,5945
2014,Julio,SALAMANCA,6788
2014,Julio,CHAMARTIN,6460
2014,Julio,TETUAN,11529
2014,Julio,CHAMBERI,7057
2014,Julio,FUENCARRALELPARDO,12864
2014,Julio,MONCLOAARAVACA,5806
2014,Julio,LATINA,18641
2014,Julio,CARABANCHEL,21666
2014,Julio,USERA,12373
2014,Julio,PUENTEDEVALLECAS,24104
2014,Julio,MORATALAZ,7055
2014,Julio,CIUDADLINEAL,15247
2014,Julio,HORTALEZA,10587
2014,Julio,VILLAVERDE,14640
2014,Julio,VILLADEVALLECAS,9273
2014,Julio,VICALVARO,5939
2014,Julio,SANBLASCANILLEJAS,12088
2014,Julio,BARAJAS,2648
2014,Agosto,CENTRO,10644
2014,Agosto,ARGANZUELA,10082
2014,Agosto,RETIRO,6098
2014,Agosto,SALAMANCA,6867
2014,Agosto,CHAMARTIN,6458
2014,Agosto,TETUAN,11643
2014,Agosto,CHAMBERI,7034
2014,Agosto,FUENCARRALELPARDO,12893
2014,Agosto,MONCLOAARAVACA,5866
2014,Agosto,LATINA,18791
2014,Agosto,CARABANCHEL,21667
2014,Agosto,USERA,12458
2014,Agosto,PUENTEDEVALLECAS,24163
2014,Agosto,MORATALAZ,7129
2014,Agosto,CIUDADLINEAL,15384
2014,Agosto,HORTALEZA,10683
2014,Agosto,VILLAVERDE,14618
2014,Agosto,VILLADEVALLECAS,9283
2014,Agosto,VICALVARO,5984
2014,Agosto,SANBLASCANILLEJAS,12214
2014,Agosto,BARAJAS,2722
2014,Septiembre,CENTRO,10579
2014,Septiembre,ARGANZUELA,10011
2014,Septiembre,RETIRO,6009
2014,Septiembre,SALAMANCA,6774
2014,Septiembre,CHAMARTIN,6356
2014,Septiembre,TETUAN,11485
2014,Septiembre,CHAMBERI,6979
2014,Septiembre,FUENCARRALELPARDO,12711
2014,Septiembre,MONCLOAARAVACA,5747
2014,Septiembre,LATINA,18918
2014,Septiembre,CARABANCHEL,21889
2014,Septiembre,USERA,12687
2014,Septiembre,PUENTEDEVALLECAS,24546
2014,Septiembre,MORATALAZ,7091
2014,Septiembre,CIUDADLINEAL,15311
2014,Septiembre,HORTALEZA,10577
2014,Septiembre,VILLAVERDE,14992
2014,Septiembre,VILLADEVALLECAS,9174
2014,Septiembre,VICALVARO,5995
2014,Septiembre,SANBLASCANILLEJAS,12215
2014,Septiembre,BARAJAS,2699
2014,Octubre,CENTRO,10663
2014,Octubre,ARGANZUELA,9951
2014,Octubre,RETIRO,5973
2014,Octubre,SALAMANCA,6842
2014,Octubre,CHAMARTIN,6354
2014,Octubre,TETUAN,11543
2014,Octubre,CHAMBERI,7008
2014,Octubre,FUENCARRALELPARDO,12719
2014,Octubre,MONCLOAARAVACA,5787
2014,Octubre,LATINA,18999
2014,Octubre,CARABANCHEL,22136
2014,Octubre,USERA,12814
2014,Octubre,PUENTEDEVALLECAS,24717
2014,Octubre,MORATALAZ,7172
2014,Octubre,CIUDADLINEAL,15426
2014,Octubre,HORTALEZA,10604
2014,Octubre,VILLAVERDE,15067
2014,Octubre,VILLADEVALLECAS,9341
2014,Octubre,VICALVARO,6032
2014,Octubre,SANBLASCANILLEJAS,12316
2014,Octubre,BARAJAS,2691
2014,Noviembre,CENTRO,10738
2014,Noviembre,ARGANZUELA,9902
2014,Noviembre,RETIRO,5862
2014,Noviembre,SALAMANCA,6804
2014,Noviembre,CHAMARTIN,6267
2014,Noviembre,TETUAN,11528
2014,Noviembre,CHAMBERI,6882
2014,Noviembre,FUENCARRALELPARDO,12560
2014,Noviembre,MONCLOAARAVACA,5722
2014,Noviembre,LATINA,18887
2014,Noviembre,CARABANCHEL,21896
2014,Noviembre,USERA,12653
2014,Noviembre,PUENTEDEVALLECAS,24602
2014,Noviembre,MORATALAZ,7062
2014,Noviembre,CIUDADLINEAL,15228
2014,Noviembre,HORTALEZA,10476
2014,Noviembre,VILLAVERDE,14984
2014,Noviembre,VILLADEVALLECAS,9285
2014,Noviembre,VICALVARO,6009
2014,Noviembre,SANBLASCANILLEJAS,12151
2014,Noviembre,BARAJAS,2666
2014,Diciembre,CENTRO,10416
2014,Diciembre,ARGANZUELA,9658
2014,Diciembre,RETIRO,5733
2014,Diciembre,SALAMANCA,6587
2014,Diciembre,CHAMARTIN,6184
2014,Diciembre,TETUAN,11283
2014,Diciembre,CHAMBERI,6785
2014,Diciembre,FUENCARRALELPARDO,12364
2014,Diciembre,MONCLOAARAVACA,5568
2014,Diciembre,LATINA,18385
2014,Diciembre,CARABANCHEL,21353
2014,Diciembre,USERA,12392
2014,Diciembre,PUENTEDEVALLECAS,24025
2014,Diciembre,MORATALAZ,7029
2014,Diciembre,CIUDADLINEAL,14759
2014,Diciembre,HORTALEZA,10201
2014,Diciembre,VILLAVERDE,14699
2014,Diciembre,VILLADEVALLECAS,9067
2014,Diciembre,VICALVARO,5918
2014,Diciembre,SANBLASCANILLEJAS,11797
2014,Diciembre,BARAJAS,2572
2015,Enero,CENTRO,10641
2015,Enero,ARGANZUELA,9874
2015,Enero,RETIRO,5761
2015,Enero,SALAMANCA,6653
2015,Enero,CHAMARTIN,6306
2015,Enero,TETUAN,11411
2015,Enero,CHAMBERI,6840
2015,Enero,FUENCARRALELPARDO,12518
2015,Enero,MONCLOAARAVACA,5640
2015,Enero,LATINA,18777
2015,Enero,CARABANCHEL,21631
2015,Enero,USERA,12730
2015,Enero,PUENTEDEVALLECAS,24421
2015,Enero,MORATALAZ,7086
2015,Enero,CIUDADLINEAL,15070
2015,Enero,HORTALEZA,10401
2015,Enero,VILLAVERDE,14887
2015,Enero,VILLADEVALLECAS,9072
2015,Enero,VICALVARO,5914
2015,Enero,SANBLASCANILLEJAS,12070
2015,Enero,BARAJAS,2655
2015,Febrero,CENTRO,10627
2015,Febrero,ARGANZUELA,9930
2015,Febrero,RETIRO,5726
2015,Febrero,SALAMANCA,6691
2015,Febrero,CHAMARTIN,6398
2015,Febrero,TETUAN,11602
2015,Febrero,CHAMBERI,6882
2015,Febrero,FUENCARRALELPARDO,12485
2015,Febrero,MONCLOAARAVACA,5695
2015,Febrero,LATINA,18795
2015,Febrero,CARABANCHEL,21947
2015,Febrero,USERA,12860
2015,Febrero,PUENTEDEVALLECAS,24628
2015,Febrero,MORATALAZ,7076
2015,Febrero,CIUDADLINEAL,15286
2015,Febrero,HORTALEZA,10447
2015,Febrero,VILLAVERDE,14929
2015,Febrero,VILLADEVALLECAS,9199
2015,Febrero,VICALVARO,5948
2015,Febrero,SANBLASCANILLEJAS,12172
2015,Febrero,BARAJAS,2682
2015,Marzo,CENTRO,10401
2015,Marzo,ARGANZUELA,9826
2015,Marzo,RETIRO,5644
2015,Marzo,SALAMANCA,6671
2015,Marzo,CHAMARTIN,6331
2015,Marzo,TETUAN,11576
2015,Marzo,CHAMBERI,6793
2015,Marzo,FUENCARRALELPARDO,12299
2015,Marzo,MONCLOAARAVACA,5622
2015,Marzo,LATINA,18658
2015,Marzo,CARABANCHEL,21859
2015,Marzo,USERA,12892
2015,Marzo,PUENTEDEVALLECAS,24556
2015,Marzo,MORATALAZ,7035
2015,Marzo,CIUDADLINEAL,15180
2015,Marzo,HORTALEZA,10465
2015,Marzo,VILLAVERDE,14889
2015,Marzo,VILLADEVALLECAS,9131
2015,Marzo,VICALVARO,5937
2015,Marzo,SANBLASCANILLEJAS,12115
2015,Marzo,BARAJAS,2638
2015,Abril,CENTRO,10156
2015,Abril,ARGANZUELA,9575
2015,Abril,RETIRO,5584
2015,Abril,SALAMANCA,6504
2015,Abril,CHAMARTIN,6148
2015,Abril,TETUAN,11294
2015,Abril,CHAMBERI,6632
2015,Abril,FUENCARRALELPARDO,12029
2015,Abril,MONCLOAARAVACA,5491
2015,Abril,LATINA,18225
2015,Abril,CARABANCHEL,21352
2015,Abril,USERA,12471
2015,Abril,PUENTEDEVALLECAS,23974
2015,Abril,MORATALAZ,6938
2015,Abril,CIUDADLINEAL,14842
2015,Abril,HORTALEZA,10273
2015,Abril,VILLAVERDE,14410
2015,Abril,VILLADEVALLECAS,8965
2015,Abril,VICALVARO,5811
2015,Abril,SANBLASCANILLEJAS,11914
2015,Abril,BARAJAS,2576
2015,Mayo,CENTRO,9826
2015,Mayo,ARGANZUELA,9231
2015,Mayo,RETIRO,5373
2015,Mayo,SALAMANCA,6277
2015,Mayo,CHAMARTIN,5928
2015,Mayo,TETUAN,10892
2015,Mayo,CHAMBERI,6443
2015,Mayo,FUENCARRALELPARDO,11723
2015,Mayo,MONCLOAARAVACA,5267
2015,Mayo,LATINA,17572
2015,Mayo,CARABANCHEL,20499
2015,Mayo,USERA,12029
2015,Mayo,PUENTEDEVALLECAS,23292
2015,Mayo,MORATALAZ,6704
2015,Mayo,CIUDADLINEAL,14318
2015,Mayo,HORTALEZA,9903
2015,Mayo,VILLAVERDE,14090
2015,Mayo,VILLADEVALLECAS,8786
2015,Mayo,VICALVARO,5665
2015,Mayo,SANBLASCANILLEJAS,11525
2015,Mayo,BARAJAS,2452
2015,Junio,CENTRO,9567
2015,Junio,ARGANZUELA,8994
2015,Junio,RETIRO,5203
2015,Junio,SALAMANCA,6098
2015,Junio,CHAMARTIN,5745
2015,Junio,TETUAN,10583
2015,Junio,CHAMBERI,6128
2015,Junio,FUENCARRALELPARDO,11505
2015,Junio,MONCLOAARAVACA,5142
2015,Junio,LATINA,17132
2015,Junio,CARABANCHEL,19948
2015,Junio,USERA,11823
2015,Junio,PUENTEDEVALLECAS,22746
2015,Junio,MORATALAZ,6615
2015,Junio,CIUDADLINEAL,13950
2015,Junio,HORTALEZA,9674
2015,Junio,VILLAVERDE,13765
2015,Junio,VILLADEVALLECAS,8586
2015,Junio,VICALVARO,5574
2015,Junio,SANBLASCANILLEJAS,11221
2015,Junio,BARAJAS,2390
2015,Julio,CENTRO,9687
2015,Julio,ARGANZUELA,9115
2015,Julio,RETIRO,5273
2015,Julio,SALAMANCA,6205
2015,Julio,CHAMARTIN,5841
2015,Julio,TETUAN,10513
2015,Julio,CHAMBERI,6188
2015,Julio,FUENCARRALELPARDO,11486
2015,Julio,MONCLOAARAVACA,5126
2015,Julio,LATINA,16984
2015,Julio,CARABANCHEL,19658
2015,Julio,USERA,11660
2015,Julio,PUENTEDEVALLECAS,22377
2015,Julio,MORATALAZ,6577
2015,Julio,CIUDADLINEAL,13910
2015,Julio,HORTALEZA,9704
2015,Julio,VILLAVERDE,13482
2015,Julio,VILLADEVALLECAS,8336
2015,Julio,VICALVARO,5591
2015,Julio,SANBLASCANILLEJAS,11093
2015,Julio,BARAJAS,2392
2015,Agosto,CENTRO,9832
2015,Agosto,ARGANZUELA,9236
2015,Agosto,RETIRO,5397
2015,Agosto,SALAMANCA,6218
2015,Agosto,CHAMARTIN,5995
2015,Agosto,TETUAN,10499
2015,Agosto,CHAMBERI,6338
2015,Agosto,FUENCARRALELPARDO,11717
2015,Agosto,MONCLOAARAVACA,5259
2015,Agosto,LATINA,17160
2015,Agosto,CARABANCHEL,19747
2015,Agosto,USERA,11709
2015,Agosto,PUENTEDEVALLECAS,22450
2015,Agosto,MORATALAZ,6646
2015,Agosto,CIUDADLINEAL,13948
2015,Agosto,HORTALEZA,9961
2015,Agosto,VILLAVERDE,13431
2015,Agosto,VILLADEVALLECAS,8456
2015,Agosto,VICALVARO,5571
2015,Agosto,SANBLASCANILLEJAS,11304
2015,Agosto,BARAJAS,2413
2015,Septiembre,CENTRO,9583
2015,Septiembre,ARGANZUELA,9018
2015,Septiembre,RETIRO,5283
2015,Septiembre,SALAMANCA,6130
2015,Septiembre,CHAMARTIN,5833
2015,Septiembre,TETUAN,10444
2015,Septiembre,CHAMBERI,6208
2015,Septiembre,FUENCARRALELPARDO,11543
2015,Septiembre,MONCLOAARAVACA,5155
2015,Septiembre,LATINA,17248
2015,Septiembre,CARABANCHEL,19856
2015,Septiembre,USERA,11952
2015,Septiembre,PUENTEDEVALLECAS,22674
2015,Septiembre,MORATALAZ,6527
2015,Septiembre,CIUDADLINEAL,13901
2015,Septiembre,HORTALEZA,9772
2015,Septiembre,VILLAVERDE,13578
2015,Septiembre,VILLADEVALLECAS,8472
2015,Septiembre,VICALVARO,5503
2015,Septiembre,SANBLASCANILLEJAS,11279
2015,Septiembre,BARAJAS,2350
2015,Octubre,CENTRO,9592
2015,Octubre,ARGANZUELA,9141
2015,Octubre,RETIRO,5326
2015,Octubre,SALAMANCA,6167
2015,Octubre,CHAMARTIN,5799
2015,Octubre,TETUAN,10616
2015,Octubre,CHAMBERI,6232
2015,Octubre,FUENCARRALELPARDO,11643
2015,Octubre,MONCLOAARAVACA,5186
2015,Octubre,LATINA,17330
2015,Octubre,CARABANCHEL,20184
2015,Octubre,USERA,12051
2015,Octubre,PUENTEDEVALLECAS,22987
2015,Octubre,MORATALAZ,6522
2015,Octubre,CIUDADLINEAL,14068
2015,Octubre,HORTALEZA,9824
2015,Octubre,VILLAVERDE,13758
2015,Octubre,VILLADEVALLECAS,8542
2015,Octubre,VICALVARO,5605
2015,Octubre,SANBLASCANILLEJAS,11413
2015,Octubre,BARAJAS,2352
2015,Noviembre,CENTRO,9560
2015,Noviembre,ARGANZUELA,9020
2015,Noviembre,RETIRO,5255
2015,Noviembre,SALAMANCA,6111
2015,Noviembre,CHAMARTIN,5773
2015,Noviembre,TETUAN,10497
2015,Noviembre,CHAMBERI,6155
2015,Noviembre,FUENCARRALELPARDO,11404
2015,Noviembre,MONCLOAARAVACA,5126
2015,Noviembre,LATINA,17168
2015,Noviembre,CARABANCHEL,20095
2015,Noviembre,USERA,11964
2015,Noviembre,PUENTEDEVALLECAS,22863
2015,Noviembre,MORATALAZ,6421
2015,Noviembre,CIUDADLINEAL,13841
2015,Noviembre,HORTALEZA,9636
2015,Noviembre,VILLAVERDE,13656
2015,Noviembre,VILLADEVALLECAS,8402
2015,Noviembre,VICALVARO,5526
2015,Noviembre,SANBLASCANILLEJAS,11281
2015,Noviembre,BARAJAS,2321
2015,Diciembre,CENTRO,9442
2015,Diciembre,ARGANZUELA,8955
2015,Diciembre,RETIRO,5161
2015,Diciembre,SALAMANCA,5938
2015,Diciembre,CHAMARTIN,5680
2015,Diciembre,TETUAN,10248
2015,Diciembre,CHAMBERI,6111
2015,Diciembre,FUENCARRALELPARDO,11071
2015,Diciembre,MONCLOAARAVACA,5043
2015,Diciembre,LATINA,16795
2015,Diciembre,CARABANCHEL,19661
2015,Diciembre,USERA,11666
2015,Diciembre,PUENTEDEVALLECAS,22303
2015,Diciembre,MORATALAZ,6275
2015,Diciembre,CIUDADLINEAL,13596
2015,Diciembre,HORTALEZA,9456
2015,Diciembre,VILLAVERDE,13324
2015,Diciembre,VILLADEVALLECAS,8224
2015,Diciembre,VICALVARO,5416
2015,Diciembre,SANBLASCANILLEJAS,11118
2015,Diciembre,BARAJAS,2319
2016,Enero,CENTRO,9664
2016,Enero,ARGANZUELA,9079
2016,Enero,RETIRO,5233
2016,Enero,SALAMANCA,6070
2016,Enero,CHAMARTIN,5789
2016,Enero,TETUAN,10503
2016,Enero,CHAMBERI,6222
2016,Enero,FUENCARRALELPARDO,11201
2016,Enero,MONCLOAARAVACA,5172
2016,Enero,LATINA,17130
2016,Enero,CARABANCHEL,19946
2016,Enero,USERA,11849
2016,Enero,PUENTEDEVALLECAS,22737
2016,Enero,MORATALAZ,6394
2016,Enero,CIUDADLINEAL,13797
2016,Enero,HORTALEZA,9620
2016,Enero,VILLAVERDE,13554
2016,Enero,VILLADEVALLECAS,8335
2016,Enero,VICALVARO,5446
2016,Enero,SANBLASCANILLEJAS,11303
2016,Enero,BARAJAS,2326
2016,Febrero,CENTRO,9683
2016,Febrero,ARGANZUELA,9030
2016,Febrero,RETIRO,5190
2016,Febrero,SALAMANCA,6142
2016,Febrero,CHAMARTIN,5839
2016,Febrero,TETUAN,10497
2016,Febrero,CHAMBERI,6214
2016,Febrero,FUENCARRALELPARDO,11290
2016,Febrero,MONCLOAARAVACA,5164
2016,Febrero,LATINA,17235
2016,Febrero,CARABANCHEL,20164
2016,Febrero,USERA,11980
2016,Febrero,PUENTEDEVALLECAS,22894
2016,Febrero,MORATALAZ,6430
2016,Febrero,CIUDADLINEAL,13876
2016,Febrero,HORTALEZA,9715
2016,Febrero,VILLAVERDE,13654
2016,Febrero,VILLADEVALLECAS,8421
2016,Febrero,VICALVARO,5457
2016,Febrero,SANBLASCANILLEJAS,11347
2016,Febrero,BARAJAS,2381
2016,Marzo,CENTRO,9613
2016,Marzo,ARGANZUELA,8925
2016,Marzo,RETIRO,5133
2016,Marzo,SALAMANCA,6116
2016,Marzo,CHAMARTIN,5768
2016,Marzo,TETUAN,10449
2016,Marzo,CHAMBERI,6153
2016,Marzo,FUENCARRALELPARDO,11249
2016,Marzo,MONCLOAARAVACA,5132
2016,Marzo,LATINA,17067
2016,Marzo,CARABANCHEL,20185
2016,Marzo,USERA,11863
2016,Marzo,PUENTEDEVALLECAS,22742
2016,Marzo,MORATALAZ,6365
2016,Marzo,CIUDADLINEAL,13771
2016,Marzo,HORTALEZA,9680
2016,Marzo,VILLAVERDE,13524
2016,Marzo,VILLADEVALLECAS,8374
2016,Marzo,VICALVARO,5391
2016,Marzo,SANBLASCANILLEJAS,11195
2016,Marzo,BARAJAS,2351
2016,Abril,CENTRO,9368
2016,Abril,ARGANZUELA,8741
2016,Abril,RETIRO,4973
2016,Abril,SALAMANCA,5956
2016,Abril,CHAMARTIN,5699
2016,Abril,TETUAN,10347
2016,Abril,CHAMBERI,6025
2016,Abril,FUENCARRALELPARDO,11037
2016,Abril,MONCLOAARAVACA,4999
2016,Abril,LATINA,16772
2016,Abril,CARABANCHEL,19876
2016,Abril,USERA,11557
2016,Abril,PUENTEDEVALLECAS,22276
2016,Abril,MORATALAZ,6269
2016,Abril,CIUDADLINEAL,13542
2016,Abril,HORTALEZA,9504
2016,Abril,VILLAVERDE,13277
2016,Abril,VILLADEVALLECAS,8213
2016,Abril,VICALVARO,5300
2016,Abril,SANBLASCANILLEJAS,11129
2016,Abril,BARAJAS,2323
2016,Mayo,CENTRO,9184
2016,Mayo,ARGANZUELA,8437
2016,Mayo,RETIRO,4868
2016,Mayo,SALAMANCA,5760
2016,Mayo,CHAMARTIN,5591
2016,Mayo,TETUAN,10068
2016,Mayo,CHAMBERI,5873
2016,Mayo,FUENCARRALELPARDO,10856
2016,Mayo,MONCLOAARAVACA,4913
2016,Mayo,LATINA,16242
2016,Mayo,CARABANCHEL,19225
2016,Mayo,USERA,11213
2016,Mayo,PUENTEDEVALLECAS,21705
2016,Mayo,MORATALAZ,6132
2016,Mayo,CIUDADLINEAL,13195
2016,Mayo,HORTALEZA,9270
2016,Mayo,VILLAVERDE,12853
2016,Mayo,VILLADEVALLECAS,7991
2016,Mayo,VICALVARO,5190
2016,Mayo,SANBLASCANILLEJAS,10776
2016,Mayo,BARAJAS,2263
2016,Junio,CENTRO,9008
2016,Junio,ARGANZUELA,8290
2016,Junio,RETIRO,4788
2016,Junio,SALAMANCA,5717
2016,Junio,CHAMARTIN,5526
2016,Junio,TETUAN,9777
2016,Junio,CHAMBERI,5743
2016,Junio,FUENCARRALELPARDO,10621
2016,Junio,MONCLOAARAVACA,4825
2016,Junio,LATINA,15920
2016,Junio,CARABANCHEL,18802
2016,Junio,USERA,10840
2016,Junio,PUENTEDEVALLECAS,21403
2016,Junio,MORATALAZ,5953
2016,Junio,CIUDADLINEAL,12867
2016,Junio,HORTALEZA,9178
2016,Junio,VILLAVERDE,12533
2016,Junio,VILLADEVALLECAS,7982
2016,Junio,VICALVARO,5144
2016,Junio,SANBLASCANILLEJAS,10595
2016,Junio,BARAJAS,2241
2016,Julio,CENTRO,9213
2016,Julio,ARGANZUELA,8464
2016,Julio,RETIRO,4877
2016,Julio,SALAMANCA,5713
2016,Julio,CHAMARTIN,5551
2016,Julio,TETUAN,9710
2016,Julio,CHAMBERI,5765
2016,Julio,FUENCARRALELPARDO,10615
2016,Julio,MONCLOAARAVACA,4828
2016,Julio,LATINA,15635
2016,Julio,CARABANCHEL,18428
2016,Julio,USERA,10643
2016,Julio,PUENTEDEVALLECAS,20911
2016,Julio,MORATALAZ,5920
2016,Julio,CIUDADLINEAL,12698
2016,Julio,HORTALEZA,9202
2016,Julio,VILLAVERDE,12244
2016,Julio,VILLADEVALLECAS,7929
2016,Julio,VICALVARO,5055
2016,Julio,SANBLASCANILLEJAS,10472
2016,Julio,BARAJAS,2219
2016,Agosto,CENTRO,9264
2016,Agosto,ARGANZUELA,8553
2016,Agosto,RETIRO,4986
2016,Agosto,SALAMANCA,5810
2016,Agosto,CHAMARTIN,5644
2016,Agosto,TETUAN,9711
2016,Agosto,CHAMBERI,5827
2016,Agosto,FUENCARRALELPARDO,10810
2016,Agosto,MONCLOAARAVACA,4876
2016,Agosto,LATINA,15930
2016,Agosto,CARABANCHEL,18454
2016,Agosto,USERA,10646
2016,Agosto,PUENTEDEVALLECAS,20921
2016,Agosto,MORATALAZ,5987
2016,Agosto,CIUDADLINEAL,12827
2016,Agosto,HORTALEZA,9324
2016,Agosto,VILLAVERDE,12293
2016,Agosto,VILLADEVALLECAS,8070
2016,Agosto,VICALVARO,5110
2016,Agosto,SANBLASCANILLEJAS,10459
2016,Agosto,BARAJAS,2253
2016,Septiembre,CENTRO,9002
2016,Septiembre,ARGANZUELA,8320
2016,Septiembre,RETIRO,4867
2016,Septiembre,SALAMANCA,5772
2016,Septiembre,CHAMARTIN,5503
2016,Septiembre,TETUAN,9559
2016,Septiembre,CHAMBERI,5672
2016,Septiembre,FUENCARRALELPARDO,10644
2016,Septiembre,MONCLOAARAVACA,4797
2016,Septiembre,LATINA,15799
2016,Septiembre,CARABANCHEL,18472
2016,Septiembre,USERA,10716
2016,Septiembre,PUENTEDEVALLECAS,20977
2016,Septiembre,MORATALAZ,5917
2016,Septiembre,CIUDADLINEAL,12707
2016,Septiembre,HORTALEZA,9075
2016,Septiembre,VILLAVERDE,12434
2016,Septiembre,VILLADEVALLECAS,7954
2016,Septiembre,VICALVARO,5068
2016,Septiembre,SANBLASCANILLEJAS,10514
2016,Septiembre,BARAJAS,2151
2016,Octubre,CENTRO,8894
2016,Octubre,ARGANZUELA,8117
2016,Octubre,RETIRO,4806
2016,Octubre,SALAMANCA,5630
2016,Octubre,CHAMARTIN,5446
2016,Octubre,TETUAN,9656
2016,Octubre,CHAMBERI,5598
2016,Octubre,FUENCARRALELPARDO,10624
2016,Octubre,MONCLOAARAVACA,4714
2016,Octubre,LATINA,15851
2016,Octubre,CARABANCHEL,18687
2016,Octubre,USERA,10714
2016,Octubre,PUENTEDEVALLECAS,20956
2016,Octubre,MORATALAZ,5928
2016,Octubre,CIUDADLINEAL,12715
2016,Octubre,HORTALEZA,9022
2016,Octubre,VILLAVERDE,12515
2016,Octubre,VILLADEVALLECAS,7882
2016,Octubre,VICALVARO,5087
2016,Octubre,SANBLASCANILLEJAS,10403
2016,Octubre,BARAJAS,2143
2016,Noviembre,CENTRO,8883
2016,Noviembre,ARGANZUELA,8065
2016,Noviembre,RETIRO,4762
2016,Noviembre,SALAMANCA,5586
2016,Noviembre,CHAMARTIN,5389
2016,Noviembre,TETUAN,9746
2016,Noviembre,CHAMBERI,5581
2016,Noviembre,FUENCARRALELPARDO,10416
2016,Noviembre,MONCLOAARAVACA,4699
2016,Noviembre,LATINA,15776
2016,Noviembre,CARABANCHEL,18454
2016,Noviembre,USERA,10744
2016,Noviembre,PUENTEDEVALLECAS,20650
2016,Noviembre,MORATALAZ,5794
2016,Noviembre,CIUDADLINEAL,12511
2016,Noviembre,HORTALEZA,8918
2016,Noviembre,VILLAVERDE,12325
2016,Noviembre,VILLADEVALLECAS,7788
2016,Noviembre,VICALVARO,5050
2016,Noviembre,SANBLASCANILLEJAS,10270
2016,Noviembre,BARAJAS,2140
2016,Diciembre,CENTRO,8725
2016,Diciembre,ARGANZUELA,7881
2016,Diciembre,RETIRO,4703
2016,Diciembre,SALAMANCA,5481
2016,Diciembre,CHAMARTIN,5352
2016,Diciembre,TETUAN,9471
2016,Diciembre,CHAMBERI,5466
2016,Diciembre,FUENCARRALELPARDO,10155
2016,Diciembre,MONCLOAARAVACA,4594
2016,Diciembre,LATINA,15298
2016,Diciembre,CARABANCHEL,17829
2016,Diciembre,USERA,10394
2016,Diciembre,PUENTEDEVALLECAS,20089
2016,Diciembre,MORATALAZ,5666
2016,Diciembre,CIUDADLINEAL,12203
2016,Diciembre,HORTALEZA,8665
2016,Diciembre,VILLAVERDE,12128
2016,Diciembre,VILLADEVALLECAS,7648
2016,Diciembre,VICALVARO,4942
2016,Diciembre,SANBLASCANILLEJAS,10048
2016,Diciembre,BARAJAS,2100
2017,Enero,CENTRO,8942
2017,Enero,ARGANZUELA,8093
2017,Enero,RETIRO,4773
2017,Enero,SALAMANCA,5640
2017,Enero,CHAMARTIN,5452
2017,Enero,TETUAN,9559
2017,Enero,CHAMBERI,5549
2017,Enero,FUENCARRALELPARDO,10493
2017,Enero,MONCLOAARAVACA,4630
2017,Enero,LATINA,15512
2017,Enero,CARABANCHEL,18396
2017,Enero,USERA,10566
2017,Enero,PUENTEDEVALLECAS,20476
2017,Enero,MORATALAZ,5809
2017,Enero,CIUDADLINEAL,12451
2017,Enero,HORTALEZA,8935
2017,Enero,VILLAVERDE,12361
2017,Enero,VILLADEVALLECAS,7764
2017,Enero,VICALVARO,5068
2017,Enero,SANBLASCANILLEJAS,10309
2017,Enero,BARAJAS,2127
2017,Febrero,CENTRO,8884
2017,Febrero,ARGANZUELA,8121
2017,Febrero,RETIRO,4824
2017,Febrero,SALAMANCA,5621
2017,Febrero,CHAMARTIN,5388
2017,Febrero,TETUAN,9785
2017,Febrero,CHAMBERI,5575
2017,Febrero,FUENCARRALELPARDO,10439
2017,Febrero,MONCLOAARAVACA,4563
2017,Febrero,LATINA,15606
2017,Febrero,CARABANCHEL,18516
2017,Febrero,USERA,10664
2017,Febrero,PUENTEDEVALLECAS,20775
2017,Febrero,MORATALAZ,5932
2017,Febrero,CIUDADLINEAL,12572
2017,Febrero,HORTALEZA,8988
2017,Febrero,VILLAVERDE,12407
2017,Febrero,VILLADEVALLECAS,7798
2017,Febrero,VICALVARO,5166
2017,Febrero,SANBLASCANILLEJAS,10456
2017,Febrero,BARAJAS,2152
2017,Marzo,CENTRO,8712
2017,Marzo,ARGANZUELA,8002
2017,Marzo,RETIRO,4724
2017,Marzo,SALAMANCA,5515
2017,Marzo,CHAMARTIN,5297
2017,Marzo,TETUAN,9670
2017,Marzo,CHAMBERI,5461
2017,Marzo,FUENCARRALELPARDO,10254
2017,Marzo,MONCLOAARAVACA,4514
2017,Marzo,LATINA,15232
2017,Marzo,CARABANCHEL,18231
2017,Marzo,USERA,10569
2017,Marzo,PUENTEDEVALLECAS,20531
2017,Marzo,MORATALAZ,5806
2017,Marzo,CIUDADLINEAL,12473
2017,Marzo,HORTALEZA,8812
2017,Marzo,VILLAVERDE,12293
2017,Marzo,VILLADEVALLECAS,7702
2017,Marzo,VICALVARO,5143
2017,Marzo,SANBLASCANILLEJAS,10344
2017,Marzo,BARAJAS,2152
2017,Abril,CENTRO,8395
2017,Abril,ARGANZUELA,7716
2017,Abril,RETIRO,4624
2017,Abril,SALAMANCA,5365
2017,Abril,CHAMARTIN,5145
2017,Abril,TETUAN,9334
2017,Abril,CHAMBERI,5265
2017,Abril,FUENCARRALELPARDO,10010
2017,Abril,MONCLOAARAVACA,4431
2017,Abril,LATINA,14712
2017,Abril,CARABANCHEL,17579
2017,Abril,USERA,10330
2017,Abril,PUENTEDEVALLECAS,19932
2017,Abril,MORATALAZ,5612
2017,Abril,CIUDADLINEAL,12083
2017,Abril,HORTALEZA,8639
2017,Abril,VILLAVERDE,12076
2017,Abril,VILLADEVALLECAS,7581
2017,Abril,VICALVARO,5018
2017,Abril,SANBLASCANILLEJAS,10081
2017,Abril,BARAJAS,2105
2017,Mayo,CENTRO,8292
2017,Mayo,ARGANZUELA,7533
2017,Mayo,RETIRO,4487
2017,Mayo,SALAMANCA,5235
2017,Mayo,CHAMARTIN,5007
2017,Mayo,TETUAN,9111
2017,Mayo,CHAMBERI,5182
2017,Mayo,FUENCARRALELPARDO,9805
2017,Mayo,MONCLOAARAVACA,4387
2017,Mayo,LATINA,14407
2017,Mayo,CARABANCHEL,17156
2017,Mayo,USERA,10070
2017,Mayo,PUENTEDEVALLECAS,19406
2017,Mayo,MORATALAZ,5525
2017,Mayo,CIUDADLINEAL,11653
2017,Mayo,HORTALEZA,8452
2017,Mayo,VILLAVERDE,11790
2017,Mayo,VILLADEVALLECAS,7516
2017,Mayo,VICALVARO,4896
2017,Mayo,SANBLASCANILLEJAS,9756
2017,Mayo,BARAJAS,2069
2017,Junio,CENTRO,8181
2017,Junio,ARGANZUELA,7405
2017,Junio,RETIRO,4371
2017,Junio,SALAMANCA,5158
2017,Junio,CHAMARTIN,4934
2017,Junio,TETUAN,8954
2017,Junio,CHAMBERI,5101
2017,Junio,FUENCARRALELPARDO,9627
2017,Junio,MONCLOAARAVACA,4431
2017,Junio,LATINA,14177
2017,Junio,CARABANCHEL,16909
2017,Junio,USERA,10109
2017,Junio,PUENTEDEVALLECAS,19359
2017,Junio,MORATALAZ,5500
2017,Junio,CIUDADLINEAL,11408
2017,Junio,HORTALEZA,8377
2017,Junio,VILLAVERDE,11426
2017,Junio,VILLADEVALLECAS,7464
2017,Junio,VICALVARO,4808
2017,Junio,SANBLASCANILLEJAS,9649
2017,Junio,BARAJAS,1976
2017,Julio,CENTRO,8373
2017,Julio,ARGANZUELA,7607
2017,Julio,RETIRO,4462
2017,Julio,SALAMANCA,5198
2017,Julio,CHAMARTIN,5036
2017,Julio,TETUAN,8951
2017,Julio,CHAMBERI,5175
2017,Julio,FUENCARRALELPARDO,9745
2017,Julio,MONCLOAARAVACA,4453
2017,Julio,LATINA,14424
2017,Julio,CARABANCHEL,16838
2017,Julio,USERA,9904
2017,Julio,PUENTEDEVALLECAS,19266
2017,Julio,MORATALAZ,5609
2017,Julio,CIUDADLINEAL,11404
2017,Julio,HORTALEZA,8518
2017,Julio,VILLAVERDE,11374
2017,Julio,VILLADEVALLECAS,7545
2017,Julio,VICALVARO,4809
2017,Julio,SANBLASCANILLEJAS,9605
2017,Julio,BARAJAS,1978
2017,Agosto,CENTRO,8457
2017,Agosto,ARGANZUELA,7693
2017,Agosto,RETIRO,4504
2017,Agosto,SALAMANCA,5342
2017,Agosto,CHAMARTIN,5141
2017,Agosto,TETUAN,9094
2017,Agosto,CHAMBERI,5295
2017,Agosto,FUENCARRALELPARDO,9890
2017,Agosto,MONCLOAARAVACA,4572
2017,Agosto,LATINA,14576
2017,Agosto,CARABANCHEL,16933
2017,Agosto,USERA,9918
2017,Agosto,PUENTEDEVALLECAS,19447
2017,Agosto,MORATALAZ,5642
2017,Agosto,CIUDADLINEAL,11535
2017,Agosto,HORTALEZA,8666
2017,Agosto,VILLAVERDE,11379
2017,Agosto,VILLADEVALLECAS,7684
2017,Agosto,VICALVARO,4918
2017,Agosto,SANBLASCANILLEJAS,9662
2017,Agosto,BARAJAS,2031
2017,Septiembre,CENTRO,8257
2017,Septiembre,ARGANZUELA,7579
2017,Septiembre,RETIRO,4549
2017,Septiembre,SALAMANCA,5422
2017,Septiembre,CHAMARTIN,5046
2017,Septiembre,TETUAN,8940
2017,Septiembre,CHAMBERI,5267
2017,Septiembre,FUENCARRALELPARDO,9774
2017,Septiembre,MONCLOAARAVACA,4514
2017,Septiembre,LATINA,14459
2017,Septiembre,CARABANCHEL,16944
2017,Septiembre,USERA,10016
2017,Septiembre,PUENTEDEVALLECAS,19575
2017,Septiembre,MORATALAZ,5624
2017,Septiembre,CIUDADLINEAL,11525
2017,Septiembre,HORTALEZA,8541
2017,Septiembre,VILLAVERDE,11578
2017,Septiembre,VILLADEVALLECAS,7632
2017,Septiembre,VICALVARO,4888
2017,Septiembre,SANBLASCANILLEJAS,9697
2017,Septiembre,BARAJAS,2032
2017,Octubre,CENTRO,8300
2017,Octubre,ARGANZUELA,7508
2017,Octubre,RETIRO,4455
2017,Octubre,SALAMANCA,5371
2017,Octubre,CHAMARTIN,4990
2017,Octubre,TETUAN,8874
2017,Octubre,CHAMBERI,5228
2017,Octubre,FUENCARRALELPARDO,9741
2017,Octubre,MONCLOAARAVACA,4471
2017,Octubre,LATINA,14471
2017,Octubre,CARABANCHEL,16985
2017,Octubre,USERA,10064
2017,Octubre,PUENTEDEVALLECAS,19735
2017,Octubre,MORATALAZ,5599
2017,Octubre,CIUDADLINEAL,11656
2017,Octubre,HORTALEZA,8492
2017,Octubre,VILLAVERDE,11661
2017,Octubre,VILLADEVALLECAS,7603
2017,Octubre,VICALVARO,4904
2017,Octubre,SANBLASCANILLEJAS,9613
2017,Octubre,BARAJAS,1994
2017,Noviembre,CENTRO,8095
2017,Noviembre,ARGANZUELA,7380
2017,Noviembre,RETIRO,4406
2017,Noviembre,SALAMANCA,5312
2017,Noviembre,CHAMARTIN,4948
2017,Noviembre,TETUAN,8828
2017,Noviembre,CHAMBERI,5167
2017,Noviembre,FUENCARRALELPARDO,9549
2017,Noviembre,MONCLOAARAVACA,4371
2017,Noviembre,LATINA,14217
2017,Noviembre,CARABANCHEL,16817
2017,Noviembre,USERA,9920
2017,Noviembre,PUENTEDEVALLECAS,19380
2017,Noviembre,MORATALAZ,5500
2017,Noviembre,CIUDADLINEAL,11376
2017,Noviembre,HORTALEZA,8288
2017,Noviembre,VILLAVERDE,11340
2017,Noviembre,VILLADEVALLECAS,7396
2017,Noviembre,VICALVARO,4727
2017,Noviembre,SANBLASCANILLEJAS,9445
2017,Noviembre,BARAJAS,1937
2017,Diciembre,CENTRO,7989
2017,Diciembre,ARGANZUELA,7227
2017,Diciembre,RETIRO,4275
2017,Diciembre,SALAMANCA,5137
2017,Diciembre,CHAMARTIN,4874
2017,Diciembre,TETUAN,8571
2017,Diciembre,CHAMBERI,5098
2017,Diciembre,FUENCARRALELPARDO,9386
2017,Diciembre,MONCLOAARAVACA,4287
2017,Diciembre,LATINA,13895
2017,Diciembre,CARABANCHEL,16506
2017,Diciembre,USERA,9624
2017,Diciembre,PUENTEDEVALLECAS,18699
2017,Diciembre,MORATALAZ,5343
2017,Diciembre,CIUDADLINEAL,11154
2017,Diciembre,HORTALEZA,8241
2017,Diciembre,VILLAVERDE,10989
2017,Diciembre,VILLADEVALLECAS,7246
2017,Diciembre,VICALVARO,4573
2017,Diciembre,SANBLASCANILLEJAS,9169
2017,Diciembre,BARAJAS,1929
2018,Enero,CENTRO,8210
2018,Enero,ARGANZUELA,7446
2018,Enero,RETIRO,4452
2018,Enero,SALAMANCA,5260
2018,Enero,CHAMARTIN,4934
2018,Enero,TETUAN,8834
2018,Enero,CHAMBERI,5251
2018,Enero,FUENCARRALELPARDO,9644
2018,Enero,MONCLOAARAVACA,4351
2018,Enero,LATINA,14307
2018,Enero,CARABANCHEL,17177
2018,Enero,USERA,9886
2018,Enero,PUENTEDEVALLECAS,19398
2018,Enero,MORATALAZ,5436
2018,Enero,CIUDADLINEAL,11557
2018,Enero,HORTALEZA,8379
2018,Enero,VILLAVERDE,11450
2018,Enero,VILLADEVALLECAS,7493
2018,Enero,VICALVARO,4775
2018,Enero,SANBLASCANILLEJAS,9543
2018,Enero,BARAJAS,1974
2018,Febrero,CENTRO,8241
2018,Febrero,ARGANZUELA,7416
2018,Febrero,RETIRO,4487
2018,Febrero,SALAMANCA,5310
2018,Febrero,CHAMARTIN,4964
2018,Febrero,TETUAN,8827
2018,Febrero,CHAMBERI,5241
2018,Febrero,FUENCARRALELPARDO,9803
2018,Febrero,MONCLOAARAVACA,4408
2018,Febrero,LATINA,14415
2018,Febrero,CARABANCHEL,17253
2018,Febrero,USERA,9995
2018,Febrero,PUENTEDEVALLECAS,19585
2018,Febrero,MORATALAZ,5557
2018,Febrero,CIUDADLINEAL,11573
2018,Febrero,HORTALEZA,8422
2018,Febrero,VILLAVERDE,11519
2018,Febrero,VILLADEVALLECAS,7587
2018,Febrero,VICALVARO,4849
2018,Febrero,SANBLASCANILLEJAS,9612
2018,Febrero,BARAJAS,1992
2018,Marzo,CENTRO,8176
2018,Marzo,ARGANZUELA,7237
2018,Marzo,RETIRO,4444
2018,Marzo,SALAMANCA,5184
2018,Marzo,CHAMARTIN,4887
2018,Marzo,TETUAN,8798
2018,Marzo,CHAMBERI,5165
2018,Marzo,FUENCARRALELPARDO,9569
2018,Marzo,MONCLOAARAVACA,4343
2018,Marzo,LATINA,14342
2018,Marzo,CARABANCHEL,17340
2018,Marzo,USERA,10005
2018,Marzo,PUENTEDEVALLECAS,19475
2018,Marzo,MORATALAZ,5529
2018,Marzo,CIUDADLINEAL,11419
2018,Marzo,HORTALEZA,8297
2018,Marzo,VILLAVERDE,11480
2018,Marzo,VILLADEVALLECAS,7576
2018,Marzo,VICALVARO,4764
2018,Marzo,SANBLASCANILLEJAS,9411
2018,Marzo,BARAJAS,1965
2018,Abril,CENTRO,7932
2018,Abril,ARGANZUELA,7047
2018,Abril,RETIRO,4324
2018,Abril,SALAMANCA,5016
2018,Abril,CHAMARTIN,4776
2018,Abril,TETUAN,8611
2018,Abril,CHAMBERI,5004
2018,Abril,FUENCARRALELPARDO,9355
2018,Abril,MONCLOAARAVACA,4303
2018,Abril,LATINA,13982
2018,Abril,CARABANCHEL,16982
2018,Abril,USERA,9838
2018,Abril,PUENTEDEVALLECAS,18951
2018,Abril,MORATALAZ,5412
2018,Abril,CIUDADLINEAL,11122
2018,Abril,HORTALEZA,8113
2018,Abril,VILLAVERDE,11303
2018,Abril,VILLADEVALLECAS,7383
2018,Abril,VICALVARO,4750
2018,Abril,SANBLASCANILLEJAS,9317
2018,Abril,BARAJAS,1943
2018,Mayo,CENTRO,7715
2018,Mayo,ARGANZUELA,6917
2018,Mayo,RETIRO,4251
2018,Mayo,SALAMANCA,4904
2018,Mayo,CHAMARTIN,4705
2018,Mayo,TETUAN,8258
2018,Mayo,CHAMBERI,4916
2018,Mayo,FUENCARRALELPARDO,9123
2018,Mayo,MONCLOAARAVACA,4177
2018,Mayo,LATINA,13412
2018,Mayo,CARABANCHEL,16419
2018,Mayo,USERA,9552
2018,Mayo,PUENTEDEVALLECAS,18513
2018,Mayo,MORATALAZ,5356
2018,Mayo,CIUDADLINEAL,10671
2018,Mayo,HORTALEZA,7921
2018,Mayo,VILLAVERDE,11071
2018,Mayo,VILLADEVALLECAS,7221
2018,Mayo,VICALVARO,4598
2018,Mayo,SANBLASCANILLEJAS,9038
2018,Mayo,BARAJAS,1882
2018,Junio,CENTRO,7612
2018,Junio,ARGANZUELA,6701
2018,Junio,RETIRO,4145
2018,Junio,SALAMANCA,4767
2018,Junio,CHAMARTIN,4585
2018,Junio,TETUAN,8073
2018,Junio,CHAMBERI,4763
2018,Junio,FUENCARRALELPARDO,8893
2018,Junio,MONCLOAARAVACA,4089
2018,Junio,LATINA,13153
2018,Junio,CARABANCHEL,15978
2018,Junio,USERA,9336
2018,Junio,PUENTEDEVALLECAS,18166
2018,Junio,MORATALAZ,5181
2018,Junio,CIUDADLINEAL,10430
2018,Junio,HORTALEZA,7753
2018,Junio,VILLAVERDE,10810
2018,Junio,VILLADEVALLECAS,7042
2018,Junio,VICALVARO,4487
2018,Junio,SANBLASCANILLEJAS,8728
2018,Junio,BARAJAS,1781
2018,Julio,CENTRO,7768
2018,Julio,ARGANZUELA,6801
2018,Julio,RETIRO,4177
2018,Julio,SALAMANCA,4812
2018,Julio,CHAMARTIN,4617
2018,Julio,TETUAN,8020
2018,Julio,CHAMBERI,4802
2018,Julio,FUENCARRALELPARDO,8893
2018,Julio,MONCLOAARAVACA,4190
2018,Julio,LATINA,13104
2018,Julio,CARABANCHEL,15699
2018,Julio,USERA,9276
2018,Julio,PUENTEDEVALLECAS,17959
2018,Julio,MORATALAZ,5226
2018,Julio,CIUDADLINEAL,10416
2018,Julio,HORTALEZA,7927
2018,Julio,VILLAVERDE,10679
2018,Julio,VILLADEVALLECAS,7123
2018,Julio,VICALVARO,4438
2018,Julio,SANBLASCANILLEJAS,8635
2018,Julio,BARAJAS,1760
2018,Agosto,CENTRO,7807
2018,Agosto,ARGANZUELA,6946
2018,Agosto,RETIRO,4200
2018,Agosto,SALAMANCA,4916
2018,Agosto,CHAMARTIN,4681
2018,Agosto,TETUAN,8067
2018,Agosto,CHAMBERI,4895
2018,Agosto,FUENCARRALELPARDO,8994
2018,Agosto,MONCLOAARAVACA,4246
2018,Agosto,LATINA,13246
2018,Agosto,CARABANCHEL,15851
2018,Agosto,USERA,9417
2018,Agosto,PUENTEDEVALLECAS,17980
2018,Agosto,MORATALAZ,5244
2018,Agosto,CIUDADLINEAL,10530
2018,Agosto,HORTALEZA,7966
2018,Agosto,VILLAVERDE,10733
2018,Agosto,VILLADEVALLECAS,7130
2018,Agosto,VICALVARO,4508
2018,Agosto,SANBLASCANILLEJAS,8770
2018,Agosto,BARAJAS,1744
2018,Septiembre,CENTRO,7563
2018,Septiembre,ARGANZUELA,6902
2018,Septiembre,RETIRO,4207
2018,Septiembre,SALAMANCA,4870
2018,Septiembre,CHAMARTIN,4601
2018,Septiembre,TETUAN,7994
2018,Septiembre,CHAMBERI,4874
2018,Septiembre,FUENCARRALELPARDO,8988
2018,Septiembre,MONCLOAARAVACA,4189
2018,Septiembre,LATINA,13283
2018,Septiembre,CARABANCHEL,15818
2018,Septiembre,USERA,9521
2018,Septiembre,PUENTEDEVALLECAS,18024
2018,Septiembre,MORATALAZ,5193
2018,Septiembre,CIUDADLINEAL,10493
2018,Septiembre,HORTALEZA,7800
2018,Septiembre,VILLAVERDE,10813
2018,Septiembre,VILLADEVALLECAS,7068
2018,Septiembre,VICALVARO,4560
2018,Septiembre,SANBLASCANILLEJAS,8769
2018,Septiembre,BARAJAS,1789
2018,Octubre,CENTRO,7431
2018,Octubre,ARGANZUELA,6786
2018,Octubre,RETIRO,4170
2018,Octubre,SALAMANCA,4757
2018,Octubre,CHAMARTIN,4562
2018,Octubre,TETUAN,7938
2018,Octubre,CHAMBERI,4805
2018,Octubre,FUENCARRALELPARDO,8907
2018,Octubre,MONCLOAARAVACA,4147
2018,Octubre,LATINA,13334
2018,Octubre,CARABANCHEL,15883
2018,Octubre,USERA,9469
2018,Octubre,PUENTEDEVALLECAS,18105
2018,Octubre,MORATALAZ,5131
2018,Octubre,CIUDADLINEAL,10443
2018,Octubre,HORTALEZA,7758
2018,Octubre,VILLAVERDE,10737
2018,Octubre,VILLADEVALLECAS,6986
2018,Octubre,VICALVARO,4444
2018,Octubre,SANBLASCANILLEJAS,8751
2018,Octubre,BARAJAS,1801
2018,Noviembre,CENTRO,7406
2018,Noviembre,ARGANZUELA,6624
2018,Noviembre,RETIRO,4076
2018,Noviembre,SALAMANCA,4714
2018,Noviembre,CHAMARTIN,4480
2018,Noviembre,TETUAN,7796
2018,Noviembre,CHAMBERI,4724
2018,Noviembre,FUENCARRALELPARDO,8749
2018,Noviembre,MONCLOAARAVACA,4090
2018,Noviembre,LATINA,13024
2018,Noviembre,CARABANCHEL,15750
2018,Noviembre,USERA,9323
2018,Noviembre,PUENTEDEVALLECAS,17887
2018,Noviembre,MORATALAZ,4951
2018,Noviembre,CIUDADLINEAL,10236
2018,Noviembre,HORTALEZA,7695
2018,Noviembre,VILLAVERDE,10591
2018,Noviembre,VILLADEVALLECAS,6974
2018,Noviembre,VICALVARO,4396
2018,Noviembre,SANBLASCANILLEJAS,8617
2018,Noviembre,BARAJAS,1763
2018,Diciembre,CENTRO,7280
2018,Diciembre,ARGANZUELA,6513
2018,Diciembre,RETIRO,4023
2018,Diciembre,SALAMANCA,4614
2018,Diciembre,CHAMARTIN,4440
2018,Diciembre,TETUAN,7669
2018,Diciembre,CHAMBERI,4684
2018,Diciembre,FUENCARRALELPARDO,8547
2018,Diciembre,MONCLOAARAVACA,4031
2018,Diciembre,LATINA,12750
2018,Diciembre,CARABANCHEL,15449
2018,Diciembre,USERA,9004
2018,Diciembre,PUENTEDEVALLECAS,17488
2018,Diciembre,MORATALAZ,4898
2018,Diciembre,CIUDADLINEAL,10024
2018,Diciembre,HORTALEZA,7435
2018,Diciembre,VILLAVERDE,10354
2018,Diciembre,VILLADEVALLECAS,6863
2018,Diciembre,VICALVARO,4233
2018,Diciembre,SANBLASCANILLEJAS,8373
2018,Diciembre,BARAJAS,1741
2019,Enero,CENTRO,7571
2019,Enero,ARGANZUELA,6727
2019,Enero,RETIRO,4074
2019,Enero,SALAMANCA,4730
2019,Enero,CHAMARTIN,4542
2019,Enero,TETUAN,7947
2019,Enero,CHAMBERI,4778
2019,Enero,FUENCARRALELPARDO,8851
2019,Enero,MONCLOAARAVACA,4082
2019,Enero,LATINA,13154
2019,Enero,CARABANCHEL,15870
2019,Enero,USERA,9527
2019,Enero,PUENTEDEVALLECAS,18101
2019,Enero,MORATALAZ,5003
2019,Enero,CIUDADLINEAL,10447
2019,Enero,HORTALEZA,7705
2019,Enero,VILLAVERDE,10707
2019,Enero,VILLADEVALLECAS,7065
2019,Enero,VICALVARO,4437
2019,Enero,SANBLASCANILLEJAS,8739
2019,Enero,BARAJAS,1854
2019,Febrero,CENTRO,7589
2019,Febrero,ARGANZUELA,6856
2019,Febrero,RETIRO,4079
2019,Febrero,SALAMANCA,4733
2019,Febrero,CHAMARTIN,4521
2019,Febrero,TETUAN,8092
2019,Febrero,CHAMBERI,4779
2019,Febrero,FUENCARRALELPARDO,8993
2019,Febrero,MONCLOAARAVACA,4098
2019,Febrero,LATINA,13262
2019,Febrero,CARABANCHEL,16284
2019,Febrero,USERA,9802
2019,Febrero,PUENTEDEVALLECAS,18315
2019,Febrero,MORATALAZ,5050
2019,Febrero,CIUDADLINEAL,10618
2019,Febrero,HORTALEZA,7683
2019,Febrero,VILLAVERDE,10765
2019,Febrero,VILLADEVALLECAS,7169
2019,Febrero,VICALVARO,4512
2019,Febrero,SANBLASCANILLEJAS,8806
2019,Febrero,BARAJAS,1874
2019,Marzo,CENTRO,7641
2019,Marzo,ARGANZUELA,6790
2019,Marzo,RETIRO,4067
2019,Marzo,SALAMANCA,4681
2019,Marzo,CHAMARTIN,4531
2019,Marzo,TETUAN,8079
2019,Marzo,CHAMBERI,4733
2019,Marzo,FUENCARRALELPARDO,8928
2019,Marzo,MONCLOAARAVACA,4099
2019,Marzo,LATINA,13170
2019,Marzo,CARABANCHEL,16332
2019,Marzo,USERA,9707
2019,Marzo,PUENTEDEVALLECAS,18350
2019,Marzo,MORATALAZ,5030
2019,Marzo,CIUDADLINEAL,10530
2019,Marzo,HORTALEZA,7729
2019,Marzo,VILLAVERDE,10746
2019,Marzo,VILLADEVALLECAS,7273
2019,Marzo,VICALVARO,4542
2019,Marzo,SANBLASCANILLEJAS,8849
2019,Marzo,BARAJAS,1865
2019,Abril,CENTRO,7452
2019,Abril,ARGANZUELA,6612
2019,Abril,RETIRO,4063
2019,Abril,SALAMANCA,4623
2019,Abril,CHAMARTIN,4477
2019,Abril,TETUAN,7968
2019,Abril,CHAMBERI,4572
2019,Abril,FUENCARRALELPARDO,8878
2019,Abril,MONCLOAARAVACA,4018
2019,Abril,LATINA,12899
2019,Abril,CARABANCHEL,16155
2019,Abril,USERA,9489
2019,Abril,PUENTEDEVALLECAS,18143
2019,Abril,MORATALAZ,4923
2019,Abril,CIUDADLINEAL,10248
2019,Abril,HORTALEZA,7582
2019,Abril,VILLAVERDE,10595
2019,Abril,VILLADEVALLECAS,7212
2019,Abril,VICALVARO,4438
2019,Abril,SANBLASCANILLEJAS,8658
2019,Abril,BARAJAS,1830
2019,Mayo,CENTRO,7269
2019,Mayo,ARGANZUELA,6487
2019,Mayo,RETIRO,4025
2019,Mayo,SALAMANCA,4505
2019,Mayo,CHAMARTIN,4398
2019,Mayo,TETUAN,7803
2019,Mayo,CHAMBERI,4487
2019,Mayo,FUENCARRALELPARDO,8726
2019,Mayo,MONCLOAARAVACA,3912
2019,Mayo,LATINA,12607
2019,Mayo,CARABANCHEL,15725
2019,Mayo,USERA,9293
2019,Mayo,PUENTEDEVALLECAS,17726
2019,Mayo,MORATALAZ,4893
2019,Mayo,CIUDADLINEAL,10021
2019,Mayo,HORTALEZA,7454
2019,Mayo,VILLAVERDE,10453
2019,Mayo,VILLADEVALLECAS,7037
2019,Mayo,VICALVARO,4352
2019,Mayo,SANBLASCANILLEJAS,8482
2019,Mayo,BARAJAS,1768
2019,Junio,CENTRO,7246
2019,Junio,ARGANZUELA,6360
2019,Junio,RETIRO,3917
2019,Junio,SALAMANCA,4428
2019,Junio,CHAMARTIN,4326
2019,Junio,TETUAN,7765
2019,Junio,CHAMBERI,4478
2019,Junio,FUENCARRALELPARDO,8599
2019,Junio,MONCLOAARAVACA,3854
2019,Junio,LATINA,12518
2019,Junio,CARABANCHEL,15530
2019,Junio,USERA,9095
2019,Junio,PUENTEDEVALLECAS,17353
2019,Junio,MORATALAZ,4787
2019,Junio,CIUDADLINEAL,9868
2019,Junio,HORTALEZA,7470
2019,Junio,VILLAVERDE,10325
2019,Junio,VILLADEVALLECAS,7040
2019,Junio,VICALVARO,4273
2019,Junio,SANBLASCANILLEJAS,8354
2019,Junio,BARAJAS,1769
2019,Julio,CENTRO,7199
2019,Julio,ARGANZUELA,6499
2019,Julio,RETIRO,4011
2019,Julio,SALAMANCA,4560
2019,Julio,CHAMARTIN,4516
2019,Julio,TETUAN,7607
2019,Julio,CHAMBERI,4663
2019,Julio,FUENCARRALELPARDO,8705
2019,Julio,MONCLOAARAVACA,3905
2019,Julio,LATINA,12549
2019,Julio,CARABANCHEL,15399
2019,Julio,USERA,9034
2019,Julio,PUENTEDEVALLECAS,17787
2019,Julio,MORATALAZ,4761
2019,Julio,CIUDADLINEAL,10190
2019,Julio,HORTALEZA,7591
2019,Julio,VILLAVERDE,10188
2019,Julio,VILLADEVALLECAS,6658
2019,Julio,VICALVARO,4248
2019,Julio,SANBLASCANILLEJAS,8362
2019,Julio,BARAJAS,1800
2019,Agosto,CENTRO,7543
2019,Agosto,ARGANZUELA,6701
2019,Agosto,RETIRO,4124
2019,Agosto,SALAMANCA,4732
2019,Agosto,CHAMARTIN,4583
2019,Agosto,TETUAN,7850
2019,Agosto,CHAMBERI,4586
2019,Agosto,FUENCARRALELPARDO,8931
2019,Agosto,MONCLOAARAVACA,4089
2019,Agosto,LATINA,12763
2019,Agosto,CARABANCHEL,15633
2019,Agosto,USERA,9178
2019,Agosto,PUENTEDEVALLECAS,17409
2019,Agosto,MORATALAZ,4878
2019,Agosto,CIUDADLINEAL,10321
2019,Agosto,HORTALEZA,7858
2019,Agosto,VILLAVERDE,10256
2019,Agosto,VILLADEVALLECAS,7199
2019,Agosto,VICALVARO,4440
2019,Agosto,SANBLASCANILLEJAS,8554
2019,Agosto,BARAJAS,1839
2019,Septiembre,CENTRO,7399
2019,Septiembre,ARGANZUELA,6698
2019,Septiembre,RETIRO,4082
2019,Septiembre,SALAMANCA,4658
2019,Septiembre,CHAMARTIN,4527
2019,Septiembre,TETUAN,7897
2019,Septiembre,CHAMBERI,4546
2019,Septiembre,FUENCARRALELPARDO,8821
2019,Septiembre,MONCLOAARAVACA,4049
2019,Septiembre,LATINA,12724
2019,Septiembre,CARABANCHEL,15594
2019,Septiembre,USERA,9286
2019,Septiembre,PUENTEDEVALLECAS,17215
2019,Septiembre,MORATALAZ,4939
2019,Septiembre,CIUDADLINEAL,10226
2019,Septiembre,HORTALEZA,7750
2019,Septiembre,VILLAVERDE,10375
2019,Septiembre,VILLADEVALLECAS,7144
2019,Septiembre,VICALVARO,4387
2019,Septiembre,SANBLASCANILLEJAS,8495
2019,Septiembre,BARAJAS,1793
2019,Octubre,CENTRO,7439
2019,Octubre,ARGANZUELA,6700
2019,Octubre,RETIRO,4076
2019,Octubre,SALAMANCA,4720
2019,Octubre,CHAMARTIN,4480
2019,Octubre,TETUAN,8064
2019,Octubre,CHAMBERI,4624
2019,Octubre,FUENCARRALELPARDO,8915
2019,Octubre,MONCLOAARAVACA,4027
2019,Octubre,LATINA,12990
2019,Octubre,CARABANCHEL,15871
2019,Octubre,USERA,9335
2019,Octubre,PUENTEDEVALLECAS,17339
2019,Octubre,MORATALAZ,4967
2019,Octubre,CIUDADLINEAL,10368
2019,Octubre,HORTALEZA,7780
2019,Octubre,VILLAVERDE,10561
2019,Octubre,VILLADEVALLECAS,7222
2019,Octubre,VICALVARO,4491
2019,Octubre,SANBLASCANILLEJAS,8574
2019,Octubre,BARAJAS,1799
2019,Noviembre,CENTRO,7521
2019,Noviembre,ARGANZUELA,6646
2019,Noviembre,RETIRO,4039
2019,Noviembre,SALAMANCA,4736
2019,Noviembre,CHAMARTIN,4480
2019,Noviembre,TETUAN,8015
2019,Noviembre,CHAMBERI,4612
2019,Noviembre,FUENCARRALELPARDO,8879
2019,Noviembre,MONCLOAARAVACA,4079
2019,Noviembre,LATINA,12987
2019,Noviembre,CARABANCHEL,15792
2019,Noviembre,USERA,9245
2019,Noviembre,PUENTEDEVALLECAS,17246
2019,Noviembre,MORATALAZ,4921
2019,Noviembre,CIUDADLINEAL,10257
2019,Noviembre,HORTALEZA,7678
2019,Noviembre,VILLAVERDE,10478
2019,Noviembre,VILLADEVALLECAS,7216
2019,Noviembre,VICALVARO,4431
2019,Noviembre,SANBLASCANILLEJAS,8536
2019,Noviembre,BARAJAS,1838
2019,Diciembre,CENTRO,7424
2019,Diciembre,ARGANZUELA,6580
2019,Diciembre,RETIRO,4006
2019,Diciembre,SALAMANCA,4641
2019,Diciembre,CHAMARTIN,4419
2019,Diciembre,TETUAN,7963
2019,Diciembre,CHAMBERI,4643
2019,Diciembre,FUENCARRALELPARDO,8691
2019,Diciembre,MONCLOAARAVACA,4054
2019,Diciembre,LATINA,12675
2019,Diciembre,CARABANCHEL,15470
2019,Diciembre,USERA,9095
2019,Diciembre,PUENTEDEVALLECAS,16851
2019,Diciembre,MORATALAZ,4839
2019,Diciembre,CIUDADLINEAL,10173
2019,Diciembre,HORTALEZA,7653
2019,Diciembre,VILLAVERDE,10295
2019,Diciembre,VILLADEVALLECAS,6993
2019,Diciembre,VICALVARO,4352
2019,Diciembre,SANBLASCANILLEJAS,8334
2019,Diciembre,BARAJAS,1804
2020,Enero,CENTRO,7631
2020,Enero,ARGANZUELA,6825
2020,Enero,RETIRO,4118
2020,Enero,SALAMANCA,4717
2020,Enero,CHAMARTIN,4508
2020,Enero,TETUAN,8144
2020,Enero,CHAMBERI,4798
2020,Enero,FUENCARRALELPARDO,8898
2020,Enero,MONCLOAARAVACA,4145
2020,Enero,LATINA,13211
2020,Enero,CARABANCHEL,15984
2020,Enero,USERA,9461
2020,Enero,PUENTEDEVALLECAS,17537
2020,Enero,MORATALAZ,4981
2020,Enero,CIUDADLINEAL,10512
2020,Enero,HORTALEZA,7834
2020,Enero,VILLAVERDE,10703
2020,Enero,VILLADEVALLECAS,7331
2020,Enero,VICALVARO,4466
2020,Enero,SANBLASCANILLEJAS,8683
2020,Enero,BARAJAS,1850
2020,Febrero,CENTRO,7595
2020,Febrero,ARGANZUELA,6802
2020,Febrero,RETIRO,4097
2020,Febrero,SALAMANCA,4717
2020,Febrero,CHAMARTIN,4577
2020,Febrero,TETUAN,8193
2020,Febrero,CHAMBERI,4832
2020,Febrero,FUENCARRALELPARDO,8951
2020,Febrero,MONCLOAARAVACA,4191
2020,Febrero,LATINA,13138
2020,Febrero,CARABANCHEL,16114
2020,Febrero,USERA,9529
2020,Febrero,PUENTEDEVALLECAS,17806
2020,Febrero,MORATALAZ,5018
2020,Febrero,CIUDADLINEAL,10467
2020,Febrero,HORTALEZA,7856
2020,Febrero,VILLAVERDE,10808
2020,Febrero,VILLADEVALLECAS,7306
2020,Febrero,VICALVARO,4550
2020,Febrero,SANBLASCANILLEJAS,8747
2020,Febrero,BARAJAS,1894
2020,Marzo,CENTRO,8158
2020,Marzo,ARGANZUELA,7028
2020,Marzo,RETIRO,4199
2020,Marzo,SALAMANCA,4901
2020,Marzo,CHAMARTIN,4713
2020,Marzo,TETUAN,8519
2020,Marzo,CHAMBERI,4960
2020,Marzo,FUENCARRALELPARDO,9075
2020,Marzo,MONCLOAARAVACA,4265
2020,Marzo,LATINA,13557
2020,Marzo,CARABANCHEL,16653
2020,Marzo,USERA,9973
2020,Marzo,PUENTEDEVALLECAS,18279
2020,Marzo,MORATALAZ,5151
2020,Marzo,CIUDADLINEAL,10725
2020,Marzo,HORTALEZA,8136
2020,Marzo,VILLAVERDE,11202
2020,Marzo,VILLADEVALLECAS,7551
2020,Marzo,VICALVARO,4633
2020,Marzo,SANBLASCANILLEJAS,9030
2020,Marzo,BARAJAS,1962
2020,Abril,CENTRO,9544
2020,Abril,ARGANZUELA,8212
2020,Abril,RETIRO,4670
2020,Abril,SALAMANCA,5424
2020,Abril,CHAMARTIN,5240
2020,Abril,TETUAN,9456
2020,Abril,CHAMBERI,5541
2020,Abril,FUENCARRALELPARDO,9965
2020,Abril,MONCLOAARAVACA,4716
2020,Abril,LATINA,15265
2020,Abril,CARABANCHEL,18745
2020,Abril,USERA,11297
2020,Abril,PUENTEDEVALLECAS,20083
2020,Abril,MORATALAZ,5629
2020,Abril,CIUDADLINEAL,12172
2020,Abril,HORTALEZA,8988
2020,Abril,VILLAVERDE,12939
2020,Abril,VILLADEVALLECAS,8228
2020,Abril,VICALVARO,5011
2020,Abril,SANBLASCANILLEJAS,10006
2020,Abril,BARAJAS,2176
2020,Mayo,CENTRO,10209
2020,Mayo,ARGANZUELA,8588
2020,Mayo,RETIRO,4904
2020,Mayo,SALAMANCA,5755
2020,Mayo,CHAMARTIN,5607
2020,Mayo,TETUAN,9671
2020,Mayo,CHAMBERI,5801
2020,Mayo,FUENCARRALELPARDO,10325
2020,Mayo,MONCLOAARAVACA,4901
2020,Mayo,LATINA,15843
2020,Mayo,CARABANCHEL,19481
2020,Mayo,USERA,11725
2020,Mayo,PUENTEDEVALLECAS,21110
2020,Mayo,MORATALAZ,5891
2020,Mayo,CIUDADLINEAL,12802
2020,Mayo,HORTALEZA,9415
2020,Mayo,VILLAVERDE,13402
2020,Mayo,VILLADEVALLECAS,8556
2020,Mayo,VICALVARO,5187
2020,Mayo,SANBLASCANILLEJAS,10468
2020,Mayo,BARAJAS,2335
2020,Junio,CENTRO,10302
2020,Junio,ARGANZUELA,8484
2020,Junio,RETIRO,4920
2020,Junio,SALAMANCA,5872
2020,Junio,CHAMARTIN,5742
2020,Junio,TETUAN,9801
2020,Junio,CHAMBERI,5846
2020,Junio,FUENCARRALELPARDO,10462
2020,Junio,MONCLOAARAVACA,4965
2020,Junio,LATINA,15893
2020,Junio,CARABANCHEL,19468
2020,Junio,USERA,11687
2020,Junio,PUENTEDEVALLECAS,21417
2020,Junio,MORATALAZ,5905
2020,Junio,CIUDADLINEAL,12752
2020,Junio,HORTALEZA,9453
2020,Junio,VILLAVERDE,13121
2020,Junio,VILLADEVALLECAS,8568
2020,Junio,VICALVARO,5182
2020,Junio,SANBLASCANILLEJAS,10459
2020,Junio,BARAJAS,2345
2020,Julio,CENTRO,10474
2020,Julio,ARGANZUELA,8633
2020,Julio,RETIRO,4982
2020,Julio,SALAMANCA,6040
2020,Julio,CHAMARTIN,5905
2020,Julio,TETUAN,10195
2020,Julio,CHAMBERI,6025
2020,Julio,FUENCARRALELPARDO,10771
2020,Julio,MONCLOAARAVACA,5123
2020,Julio,LATINA,16212
2020,Julio,CARABANCHEL,19929
2020,Julio,USERA,11804
2020,Julio,PUENTEDEVALLECAS,21478
2020,Julio,MORATALAZ,6019
2020,Julio,CIUDADLINEAL,13048
2020,Julio,HORTALEZA,9695
2020,Julio,VILLAVERDE,13292
2020,Julio,VILLADEVALLECAS,8644
2020,Julio,VICALVARO,5263
2020,Julio,SANBLASCANILLEJAS,10615
2020,Julio,BARAJAS,2402
2020,Agosto,CENTRO,10645
2020,Agosto,ARGANZUELA,8701
2020,Agosto,RETIRO,5059
2020,Agosto,SALAMANCA,6108
2020,Agosto,CHAMARTIN,6015
2020,Agosto,TETUAN,10331
2020,Agosto,CHAMBERI,6042
2020,Agosto,FUENCARRALELPARDO,10988
2020,Agosto,MONCLOAARAVACA,5251
2020,Agosto,LATINA,16515
2020,Agosto,CARABANCHEL,20110
2020,Agosto,USERA,11898
2020,Agosto,PUENTEDEVALLECAS,21649
2020,Agosto,MORATALAZ,6116
2020,Agosto,CIUDADLINEAL,13266
2020,Agosto,HORTALEZA,9942
2020,Agosto,VILLAVERDE,13530
2020,Agosto,VILLADEVALLECAS,8767
2020,Agosto,VICALVARO,5344
2020,Agosto,SANBLASCANILLEJAS,10832
2020,Agosto,BARAJAS,2440
2020,Septiembre,CENTRO,10308
2020,Septiembre,ARGANZUELA,8430
2020,Septiembre,RETIRO,4976
2020,Septiembre,SALAMANCA,6032
2020,Septiembre,CHAMARTIN,5820
2020,Septiembre,TETUAN,10224
2020,Septiembre,CHAMBERI,5870
2020,Septiembre,FUENCARRALELPARDO,10738
2020,Septiembre,MONCLOAARAVACA,5141
2020,Septiembre,LATINA,16351
2020,Septiembre,CARABANCHEL,20057
2020,Septiembre,USERA,11816
2020,Septiembre,PUENTEDEVALLECAS,21324
2020,Septiembre,MORATALAZ,6082
2020,Septiembre,CIUDADLINEAL,13040
2020,Septiembre,HORTALEZA,9854
2020,Septiembre,VILLAVERDE,13510
2020,Septiembre,VILLADEVALLECAS,8580
2020,Septiembre,VICALVARO,5345
2020,Septiembre,SANBLASCANILLEJAS,10702
2020,Septiembre,BARAJAS,2375
2020,Octubre,CENTRO,10342
2020,Octubre,ARGANZUELA,8478
2020,Octubre,RETIRO,4958
2020,Octubre,SALAMANCA,5992
2020,Octubre,CHAMARTIN,5881
2020,Octubre,TETUAN,10363
2020,Octubre,CHAMBERI,5993
2020,Octubre,FUENCARRALELPARDO,10930
2020,Octubre,MONCLOAARAVACA,5264
2020,Octubre,LATINA,16600
2020,Octubre,CARABANCHEL,20419
2020,Octubre,USERA,12133
2020,Octubre,PUENTEDEVALLECAS,21791
2020,Octubre,MORATALAZ,6136
2020,Octubre,CIUDADLINEAL,13129
2020,Octubre,HORTALEZA,9926
2020,Octubre,VILLAVERDE,13812
2020,Octubre,VILLADEVALLECAS,8757
2020,Octubre,VICALVARO,5470
2020,Octubre,SANBLASCANILLEJAS,10874
2020,Octubre,BARAJAS,2436
2020,Noviembre,CENTRO,10280
2020,Noviembre,ARGANZUELA,8423
2020,Noviembre,RETIRO,4890
2020,Noviembre,SALAMANCA,5991
2020,Noviembre,CHAMARTIN,5856
2020,Noviembre,TETUAN,10393
2020,Noviembre,CHAMBERI,5963
2020,Noviembre,FUENCARRALELPARDO,10881
2020,Noviembre,MONCLOAARAVACA,5238
2020,Noviembre,LATINA,16624
2020,Noviembre,CARABANCHEL,20403
2020,Noviembre,USERA,12239
2020,Noviembre,PUENTEDEVALLECAS,22041
2020,Noviembre,MORATALAZ,6079
2020,Noviembre,CIUDADLINEAL,13167
2020,Noviembre,HORTALEZA,9865
2020,Noviembre,VILLAVERDE,13926
2020,Noviembre,VILLADEVALLECAS,8791
2020,Noviembre,VICALVARO,5438
2020,Noviembre,SANBLASCANILLEJAS,10929
2020,Noviembre,BARAJAS,2434
2020,Diciembre,CENTRO,10227
2020,Diciembre,ARGANZUELA,8367
2020,Diciembre,RETIRO,4875
2020,Diciembre,SALAMANCA,6034
2020,Diciembre,CHAMARTIN,5808
2020,Diciembre,TETUAN,10341
2020,Diciembre,CHAMBERI,5984
2020,Diciembre,FUENCARRALELPARDO,10978
2020,Diciembre,MONCLOAARAVACA,5227
2020,Diciembre,LATINA,16703
2020,Diciembre,CARABANCHEL,20481
2020,Diciembre,USERA,12328
2020,Diciembre,PUENTEDEVALLECAS,22125
2020,Diciembre,MORATALAZ,6113
2020,Diciembre,CIUDADLINEAL,13264
2020,Diciembre,HORTALEZA,9826
2020,Diciembre,VILLAVERDE,14037
2020,Diciembre,VILLADEVALLECAS,8744
2020,Diciembre,VICALVARO,5514
2020,Diciembre,SANBLASCANILLEJAS,11006
2020,Diciembre,BARAJAS,2420
2021,Enero,CENTRO,10395
2021,Enero,ARGANZUELA,8599
2021,Enero,RETIRO,5011
2021,Enero,SALAMANCA,6065
2021,Enero,CHAMARTIN,5865
2021,Enero,TETUAN,10499
2021,Enero,CHAMBERI,6022
2021,Enero,FUENCARRALELPARDO,11124
2021,Enero,MONCLOAARAVACA,5278
2021,Enero,LATINA,16993
2021,Enero,CARABANCHEL,20852
2021,Enero,USERA,12652
2021,Enero,PUENTEDEVALLECAS,22568
2021,Enero,MORATALAZ,6248
2021,Enero,CIUDADLINEAL,13602
2021,Enero,HORTALEZA,9915
2021,Enero,VILLAVERDE,14326
2021,Enero,VILLADEVALLECAS,8819
2021,Enero,VICALVARO,5567
2021,Enero,SANBLASCANILLEJAS,11235
2021,Enero,BARAJAS,2465
2021,Febrero,CENTRO,10562
2021,Febrero,ARGANZUELA,8677
2021,Febrero,RETIRO,5025
2021,Febrero,SALAMANCA,6150
2021,Febrero,CHAMARTIN,5929
2021,Febrero,TETUAN,10669
2021,Febrero,CHAMBERI,6101
2021,Febrero,FUENCARRALELPARDO,11271
2021,Febrero,MONCLOAARAVACA,5334
2021,Febrero,LATINA,17318
2021,Febrero,CARABANCHEL,21218
2021,Febrero,USERA,12912
2021,Febrero,PUENTEDEVALLECAS,22878
2021,Febrero,MORATALAZ,6243
2021,Febrero,CIUDADLINEAL,13807
2021,Febrero,HORTALEZA,10088
2021,Febrero,VILLAVERDE,14540
2021,Febrero,VILLADEVALLECAS,8949
2021,Febrero,VICALVARO,5617
2021,Febrero,SANBLASCANILLEJAS,11474
2021,Febrero,BARAJAS,2532
2021,Marzo,CENTRO,10355
2021,Marzo,ARGANZUELA,8504
2021,Marzo,RETIRO,4972
2021,Marzo,SALAMANCA,6064
2021,Marzo,CHAMARTIN,5800
2021,Marzo,TETUAN,10611
2021,Marzo,CHAMBERI,5964
2021,Marzo,FUENCARRALELPARDO,11067
2021,Marzo,MONCLOAARAVACA,5268
2021,Marzo,LATINA,17150
2021,Marzo,CARABANCHEL,20917
2021,Marzo,USERA,12785
2021,Marzo,PUENTEDEVALLECAS,22500
2021,Marzo,MORATALAZ,6206
2021,Marzo,CIUDADLINEAL,13626
2021,Marzo,HORTALEZA,9902
2021,Marzo,VILLAVERDE,14456
2021,Marzo,VILLADEVALLECAS,8787
2021,Marzo,VICALVARO,5657
2021,Marzo,SANBLASCANILLEJAS,11388
2021,Marzo,BARAJAS,2467
2021,Abril,CENTRO,10203
2021,Abril,ARGANZUELA,8382
2021,Abril,RETIRO,4985
2021,Abril,SALAMANCA,5983
2021,Abril,CHAMARTIN,5689
2021,Abril,TETUAN,10541
2021,Abril,CHAMBERI,5947
2021,Abril,FUENCARRALELPARDO,10985
2021,Abril,MONCLOAARAVACA,5199
2021,Abril,LATINA,17037
2021,Abril,CARABANCHEL,20680
2021,Abril,USERA,12665
2021,Abril,PUENTEDEVALLECAS,22554
2021,Abril,MORATALAZ,6172
2021,Abril,CIUDADLINEAL,13461
2021,Abril,HORTALEZA,9735
2021,Abril,VILLAVERDE,14254
2021,Abril,VILLADEVALLECAS,8817
2021,Abril,VICALVARO,5559
2021,Abril,SANBLASCANILLEJAS,11310
2021,Abril,BARAJAS,2439
2021,Mayo,CENTRO,9930
2021,Mayo,ARGANZUELA,8048
2021,Mayo,RETIRO,4856
2021,Mayo,SALAMANCA,5858
2021,Mayo,CHAMARTIN,5524
2021,Mayo,TETUAN,10295
2021,Mayo,CHAMBERI,5736
2021,Mayo,FUENCARRALELPARDO,10830
2021,Mayo,MONCLOAARAVACA,5061
2021,Mayo,LATINA,16629
2021,Mayo,CARABANCHEL,20143
2021,Mayo,USERA,12340
2021,Mayo,PUENTEDEVALLECAS,22086
2021,Mayo,MORATALAZ,6003
2021,Mayo,CIUDADLINEAL,13133
2021,Mayo,HORTALEZA,9586
2021,Mayo,VILLAVERDE,13833
2021,Mayo,VILLADEVALLECAS,8514
2021,Mayo,VICALVARO,5467
2021,Mayo,SANBLASCANILLEJAS,11047
2021,Mayo,BARAJAS,2335
2021,Junio,CENTRO,9730
2021,Junio,ARGANZUELA,7867
2021,Junio,RETIRO,4799
2021,Junio,SALAMANCA,5783
2021,Junio,CHAMARTIN,5447
2021,Junio,TETUAN,10059
2021,Junio,CHAMBERI,5656
2021,Junio,FUENCARRALELPARDO,10672
2021,Junio,MONCLOAARAVACA,5004
2021,Junio,LATINA,16112
2021,Junio,CARABANCHEL,19699
2021,Junio,USERA,11885
2021,Junio,PUENTEDEVALLECAS,21644
2021,Junio,MORATALAZ,5974
2021,Junio,CIUDADLINEAL,12699
2021,Junio,HORTALEZA,9450
2021,Junio,VILLAVERDE,13431
2021,Junio,VILLADEVALLECAS,8417
2021,Junio,VICALVARO,5385
2021,Junio,SANBLASCANILLEJAS,10830
2021,Junio,BARAJAS,2323
2021,Julio,CENTRO,9547
2021,Julio,ARGANZUELA,7815
2021,Julio,RETIRO,4852
2021,Julio,SALAMANCA,5774
2021,Julio,CHAMARTIN,5458
2021,Julio,TETUAN,9823
2021,Julio,CHAMBERI,5645
2021,Julio,FUENCARRALELPARDO,10636
2021,Julio,MONCLOAARAVACA,4928
2021,Julio,LATINA,15892
2021,Julio,CARABANCHEL,19269
2021,Julio,USERA,11601
2021,Julio,PUENTEDEVALLECAS,21077
2021,Julio,MORATALAZ,5900
2021,Julio,CIUDADLINEAL,12515
2021,Julio,HORTALEZA,9486
2021,Julio,VILLAVERDE,13065
2021,Julio,VILLADEVALLECAS,8323
2021,Julio,VICALVARO,5339
2021,Julio,SANBLASCANILLEJAS,10629
2021,Julio,BARAJAS,2251
2021,Agosto,CENTRO,9573
2021,Agosto,ARGANZUELA,7860
2021,Agosto,RETIRO,4873
2021,Agosto,SALAMANCA,5809
2021,Agosto,CHAMARTIN,5589
2021,Agosto,TETUAN,9947
2021,Agosto,CHAMBERI,5687
2021,Agosto,FUENCARRALELPARDO,10817
2021,Agosto,MONCLOAARAVACA,4990
2021,Agosto,LATINA,15977
2021,Agosto,CARABANCHEL,19217
2021,Agosto,USERA,11526
2021,Agosto,PUENTEDEVALLECAS,20961
2021,Agosto,MORATALAZ,5966
2021,Agosto,CIUDADLINEAL,12507
2021,Agosto,HORTALEZA,9644
2021,Agosto,VILLAVERDE,12932
2021,Agosto,VILLADEVALLECAS,8384
2021,Agosto,VICALVARO,5368
2021,Agosto,SANBLASCANILLEJAS,10672
2021,Agosto,BARAJAS,2266
2021,Septiembre,CENTRO,9285
2021,Septiembre,ARGANZUELA,7618
2021,Septiembre,RETIRO,4745
2021,Septiembre,SALAMANCA,5632
2021,Septiembre,CHAMARTIN,5425
2021,Septiembre,TETUAN,9697
2021,Septiembre,CHAMBERI,5533
2021,Septiembre,FUENCARRALELPARDO,10533
2021,Septiembre,MONCLOAARAVACA,4841
2021,Septiembre,LATINA,15660
2021,Septiembre,CARABANCHEL,18853
2021,Septiembre,USERA,11324
2021,Septiembre,PUENTEDEVALLECAS,20398
2021,Septiembre,MORATALAZ,5846
2021,Septiembre,CIUDADLINEAL,12242
2021,Septiembre,HORTALEZA,9412
2021,Septiembre,VILLAVERDE,12660
2021,Septiembre,VILLADEVALLECAS,8156
2021,Septiembre,VICALVARO,5290
2021,Septiembre,SANBLASCANILLEJAS,10424
2021,Septiembre,BARAJAS,2219
2021,Octubre,CENTRO,8930
2021,Octubre,ARGANZUELA,7365
2021,Octubre,RETIRO,4541
2021,Octubre,SALAMANCA,5406
2021,Octubre,CHAMARTIN,5270
2021,Octubre,TETUAN,9315
2021,Octubre,CHAMBERI,5291
2021,Octubre,FUENCARRALELPARDO,10214
2021,Octubre,MONCLOAARAVACA,4650
2021,Octubre,LATINA,15278
2021,Octubre,CARABANCHEL,18428
2021,Octubre,USERA,11092
2021,Octubre,PUENTEDEVALLECAS,19883
2021,Octubre,MORATALAZ,5692
2021,Octubre,CIUDADLINEAL,11946
2021,Octubre,HORTALEZA,9136
2021,Octubre,VILLAVERDE,12462
2021,Octubre,VILLADEVALLECAS,8114
2021,Octubre,VICALVARO,5227
2021,Octubre,SANBLASCANILLEJAS,10121
2021,Octubre,BARAJAS,2150
2021,Noviembre,CENTRO,8710
2021,Noviembre,ARGANZUELA,7176
2021,Noviembre,RETIRO,4438
2021,Noviembre,SALAMANCA,5342
2021,Noviembre,CHAMARTIN,5159
2021,Noviembre,TETUAN,9199
2021,Noviembre,CHAMBERI,5156
2021,Noviembre,FUENCARRALELPARDO,9963
2021,Noviembre,MONCLOAARAVACA,4588
2021,Noviembre,LATINA,14871
2021,Noviembre,CARABANCHEL,18030
2021,Noviembre,USERA,10846
2021,Noviembre,PUENTEDEVALLECAS,19587
2021,Noviembre,MORATALAZ,5607
2021,Noviembre,CIUDADLINEAL,11583
2021,Noviembre,HORTALEZA,8933
2021,Noviembre,VILLAVERDE,12232
2021,Noviembre,VILLADEVALLECAS,7895
2021,Noviembre,VICALVARO,5123
2021,Noviembre,SANBLASCANILLEJAS,9844
2021,Noviembre,BARAJAS,2098
2021,Diciembre,CENTRO,8138
2021,Diciembre,ARGANZUELA,6732
2021,Diciembre,RETIRO,4122
2021,Diciembre,SALAMANCA,4919
2021,Diciembre,CHAMARTIN,4861
2021,Diciembre,TETUAN,8515
2021,Diciembre,CHAMBERI,4763
2021,Diciembre,FUENCARRALELPARDO,9260
2021,Diciembre,MONCLOAARAVACA,4229
2021,Diciembre,LATINA,13932
2021,Diciembre,CARABANCHEL,16761
2021,Diciembre,USERA,10047
2021,Diciembre,PUENTEDEVALLECAS,18337
2021,Diciembre,MORATALAZ,5235
2021,Diciembre,CIUDADLINEAL,10771
2021,Diciembre,HORTALEZA,8344
2021,Diciembre,VILLAVERDE,11466
2021,Diciembre,VILLADEVALLECAS,7407
2021,Diciembre,VICALVARO,4792
2021,Diciembre,SANBLASCANILLEJAS,9142
2021,Diciembre,BARAJAS,1969
2022,Enero,CENTRO,7813
2022,Enero,ARGANZUELA,6551
2022,Enero,RETIRO,4063
2022,Enero,SALAMANCA,4655
2022,Enero,CHAMARTIN,4621
2022,Enero,TETUAN,8240
2022,Enero,CHAMBERI,4594
2022,Enero,FUENCARRALELPARDO,8880
2022,Enero,MONCLOAARAVACA,4025
2022,Enero,LATINA,13608
2022,Enero,CARABANCHEL,16270
2022,Enero,USERA,9743
2022,Enero,PUENTEDEVALLECAS,17960
2022,Enero,MORATALAZ,5091
2022,Enero,CIUDADLINEAL,10496
2022,Enero,HORTALEZA,8116
2022,Enero,VILLAVERDE,11166
2022,Enero,VILLADEVALLECAS,7250
2022,Enero,VICALVARO,4731
2022,Enero,SANBLASCANILLEJAS,9103
2022,Enero,BARAJAS,1888
2022,Febrero,CENTRO,7299
2022,Febrero,ARGANZUELA,6188
2022,Febrero,RETIRO,3800
2022,Febrero,SALAMANCA,4388
2022,Febrero,CHAMARTIN,4296
2022,Febrero,TETUAN,7623
2022,Febrero,CHAMBERI,4318
2022,Febrero,FUENCARRALELPARDO,8500
2022,Febrero,MONCLOAARAVACA,3853
2022,Febrero,LATINA,12968
2022,Febrero,CARABANCHEL,15541
2022,Febrero,USERA,9239
2022,Febrero,PUENTEDEVALLECAS,17206
2022,Febrero,MORATALAZ,4854
2022,Febrero,CIUDADLINEAL,9969
2022,Febrero,HORTALEZA,7710
2022,Febrero,VILLAVERDE,10724
2022,Febrero,VILLADEVALLECAS,6971
2022,Febrero,VICALVARO,4505
2022,Febrero,SANBLASCANILLEJAS,8593
2022,Febrero,BARAJAS,1771
2022,Marzo,CENTRO,7178
2022,Marzo,ARGANZUELA,6066
2022,Marzo,RETIRO,3761
2022,Marzo,SALAMANCA,4232
2022,Marzo,CHAMARTIN,4249
2022,Marzo,TETUAN,7568
2022,Marzo,CHAMBERI,4252
2022,Marzo,FUENCARRALELPARDO,8463
2022,Marzo,MONCLOAARAVACA,3854
2022,Marzo,LATINA,12710
2022,Marzo,CARABANCHEL,15457
2022,Marzo,USERA,9253
2022,Marzo,PUENTEDEVALLECAS,17387
2022,Marzo,MORATALAZ,4837
2022,Marzo,CIUDADLINEAL,9871
2022,Marzo,HORTALEZA,7700
2022,Marzo,VILLAVERDE,10772
2022,Marzo,VILLADEVALLECAS,7038
2022,Marzo,VICALVARO,4496
2022,Marzo,SANBLASCANILLEJAS,8532
2022,Marzo,BARAJAS,1735
2022,Abril,CENTRO,6875
2022,Abril,ARGANZUELA,5836
2022,Abril,RETIRO,3681
2022,Abril,SALAMANCA,4048
2022,Abril,CHAMARTIN,4104
2022,Abril,TETUAN,7363
2022,Abril,CHAMBERI,4149
2022,Abril,FUENCARRALELPARDO,8233
2022,Abril,MONCLOAARAVACA,3697
2022,Abril,LATINA,12276
2022,Abril,CARABANCHEL,14905
2022,Abril,USERA,8899
2022,Abril,PUENTEDEVALLECAS,16787
2022,Abril,MORATALAZ,4716
2022,Abril,CIUDADLINEAL,9541
2022,Abril,HORTALEZA,7461
2022,Abril,VILLAVERDE,10355
2022,Abril,VILLADEVALLECAS,6852
2022,Abril,VICALVARO,4411
2022,Abril,SANBLASCANILLEJAS,8325
2022,Abril,BARAJAS,1720
2022,Mayo,CENTRO,6545
2022,Mayo,ARGANZUELA,5641
2022,Mayo,RETIRO,3422
2022,Mayo,SALAMANCA,3830
2022,Mayo,CHAMARTIN,3951
2022,Mayo,TETUAN,7025
2022,Mayo,CHAMBERI,3955
2022,Mayo,FUENCARRALELPARDO,7879
2022,Mayo,MONCLOAARAVACA,3490
2022,Mayo,LATINA,11725
2022,Mayo,CARABANCHEL,14148
2022,Mayo,USERA,8573
2022,Mayo,PUENTEDEVALLECAS,16103
2022,Mayo,MORATALAZ,4579
2022,Mayo,CIUDADLINEAL,9111
2022,Mayo,HORTALEZA,7077
2022,Mayo,VILLAVERDE,9767
2022,Mayo,VILLADEVALLECAS,6627
2022,Mayo,VICALVARO,4243
2022,Mayo,SANBLASCANILLEJAS,7994
2022,Mayo,BARAJAS,1666
2022,Junio,CENTRO,6270
2022,Junio,ARGANZUELA,5587
2022,Junio,RETIRO,3383
2022,Junio,SALAMANCA,3740
2022,Junio,CHAMARTIN,3847
2022,Junio,TETUAN,6792
2022,Junio,CHAMBERI,3988
2022,Junio,FUENCARRALELPARDO,7693
2022,Junio,MONCLOAARAVACA,3430
2022,Junio,LATINA,11489
2022,Junio,CARABANCHEL,13699
2022,Junio,USERA,8372
2022,Junio,PUENTEDEVALLECAS,16244
2022,Junio,MORATALAZ,4425
2022,Junio,CIUDADLINEAL,8971
2022,Junio,HORTALEZA,6893
2022,Junio,VILLAVERDE,9559
2022,Junio,VILLADEVALLECAS,6129
2022,Junio,VICALVARO,4079
2022,Junio,SANBLASCANILLEJAS,7673
2022,Junio,BARAJAS,1640
2022,Julio,CENTRO,6563
2022,Julio,ARGANZUELA,5681
2022,Julio,RETIRO,3453
2022,Julio,SALAMANCA,3810
2022,Julio,CHAMARTIN,3890
2022,Julio,TETUAN,6831
2022,Julio,CHAMBERI,3923
2022,Julio,FUENCARRALELPARDO,7902
2022,Julio,MONCLOAARAVACA,3591
2022,Julio,LATINA,11563
2022,Julio,CARABANCHEL,13912
2022,Julio,USERA,8379
2022,Julio,PUENTEDEVALLECAS,15799
2022,Julio,MORATALAZ,4476
2022,Julio,CIUDADLINEAL,8930
2022,Julio,HORTALEZA,6935
2022,Julio,VILLAVERDE,9513
2022,Julio,VILLADEVALLECAS,6426
2022,Julio,VICALVARO,4272
2022,Julio,SANBLASCANILLEJAS,7874
2022,Julio,BARAJAS,1646
2022,Agosto,CENTRO,6716
2022,Agosto,ARGANZUELA,5840
2022,Agosto,RETIRO,3552
2022,Agosto,SALAMANCA,3844
2022,Agosto,CHAMARTIN,3895
2022,Agosto,TETUAN,6940
2022,Agosto,CHAMBERI,3995
2022,Agosto,FUENCARRALELPARDO,8016
2022,Agosto,MONCLOAARAVACA,3584
2022,Agosto,LATINA,11698
2022,Agosto,CARABANCHEL,14058
2022,Agosto,USERA,8353
2022,Agosto,PUENTEDEVALLECAS,15793
2022,Agosto,MORATALAZ,4498
2022,Agosto,CIUDADLINEAL,9041
2022,Agosto,HORTALEZA,7093
2022,Agosto,VILLAVERDE,9458
2022,Agosto,VILLADEVALLECAS,6479
2022,Agosto,VICALVARO,4322
2022,Agosto,SANBLASCANILLEJAS,7942
2022,Agosto,BARAJAS,1653
2022,Septiembre,CENTRO,6520
2022,Septiembre,ARGANZUELA,5750
2022,Septiembre,RETIRO,3493
2022,Septiembre,SALAMANCA,3788
2022,Septiembre,CHAMARTIN,3790
2022,Septiembre,TETUAN,6956
2022,Septiembre,CHAMBERI,3870
2022,Septiembre,FUENCARRALELPARDO,7842
2022,Septiembre,MONCLOAARAVACA,3600
2022,Septiembre,LATINA,11779
2022,Septiembre,CARABANCHEL,14134
2022,Septiembre,USERA,8446
2022,Septiembre,PUENTEDEVALLECAS,15885
2022,Septiembre,MORATALAZ,4456
2022,Septiembre,CIUDADLINEAL,9109
2022,Septiembre,HORTALEZA,6878
2022,Septiembre,VILLAVERDE,9566
2022,Septiembre,VILLADEVALLECAS,6438
2022,Septiembre,VICALVARO,4354
2022,Septiembre,SANBLASCANILLEJAS,7976
2022,Septiembre,BARAJAS,1635
2022,Octubre,CENTRO,6484
2022,Octubre,ARGANZUELA,5661
2022,Octubre,RETIRO,3474
2022,Octubre,SALAMANCA,3762
2022,Octubre,CHAMARTIN,3736
2022,Octubre,TETUAN,6967
2022,Octubre,CHAMBERI,3864
2022,Octubre,FUENCARRALELPARDO,7822
2022,Octubre,MONCLOAARAVACA,3500
2022,Octubre,LATINA,11787
2022,Octubre,CARABANCHEL,14171
2022,Octubre,USERA,8487
2022,Octubre,PUENTEDEVALLECAS,15989
2022,Octubre,MORATALAZ,4441
2022,Octubre,CIUDADLINEAL,9127
2022,Octubre,HORTALEZA,6863
2022,Octubre,VILLAVERDE,9617
2022,Octubre,VILLADEVALLECAS,6473
2022,Octubre,VICALVARO,4351
2022,Octubre,SANBLASCANILLEJAS,8007
2022,Octubre,BARAJAS,1591
2022,Noviembre,CENTRO,6279
2022,Noviembre,ARGANZUELA,5494
2022,Noviembre,RETIRO,3365
2022,Noviembre,SALAMANCA,3792
2022,Noviembre,CHAMARTIN,3674
2022,Noviembre,TETUAN,6788
2022,Noviembre,CHAMBERI,3846
2022,Noviembre,FUENCARRALELPARDO,7719
2022,Noviembre,MONCLOAARAVACA,3473
2022,Noviembre,LATINA,11559
2022,Noviembre,CARABANCHEL,13953
2022,Noviembre,USERA,8299
2022,Noviembre,PUENTEDEVALLECAS,15654
2022,Noviembre,MORATALAZ,4370
2022,Noviembre,CIUDADLINEAL,9047
2022,Noviembre,HORTALEZA,6703
2022,Noviembre,VILLAVERDE,9459
2022,Noviembre,VILLADEVALLECAS,6243
2022,Noviembre,VICALVARO,4252
2022,Noviembre,SANBLASCANILLEJAS,7905
2022,Noviembre,BARAJAS,1591
2022,Diciembre,CENTRO,6243
2022,Diciembre,ARGANZUELA,5430
2022,Diciembre,RETIRO,3293
2022,Diciembre,SALAMANCA,3717
2022,Diciembre,CHAMARTIN,3660
2022,Diciembre,TETUAN,6678
2022,Diciembre,CHAMBERI,3730
2022,Diciembre,FUENCARRALELPARDO,7535
2022,Diciembre,MONCLOAARAVACA,3410
2022,Diciembre,LATINA,11274
2022,Diciembre,CARABANCHEL,13674
2022,Diciembre,USERA,8097
2022,Diciembre,PUENTEDEVALLECAS,15368
2022,Diciembre,MORATALAZ,4279
2022,Diciembre,CIUDADLINEAL,8848
2022,Diciembre,HORTALEZA,6629
2022,Diciembre,VILLAVERDE,9234
2022,Diciembre,VILLADEVALLECAS,6088
2022,Diciembre,VICALVARO,4201
2022,Diciembre,SANBLASCANILLEJAS,7730
2022,Diciembre,BARAJAS,1536
2023,Enero,CENTRO,6424
2023,Enero,ARGANZUELA,5642
2023,Enero,RETIRO,3392
2023,Enero,SALAMANCA,3872
2023,Enero,CHAMARTIN,3763
2023,Enero,TETUAN,6860
2023,Enero,CHAMBERI,3835
2023,Enero,FUENCARRALELPARDO,7770
2023,Enero,MONCLOAARAVACA,3516
2023,Enero,LATINA,11690
2023,Enero,CARABANCHEL,14028
2023,Enero,USERA,8465
2023,Enero,PUENTEDEVALLECAS,16042
2023,Enero,MORATALAZ,4468
2023,Enero,CIUDADLINEAL,9151
2023,Enero,HORTALEZA,6875
2023,Enero,VILLAVERDE,9578
2023,Enero,VILLADEVALLECAS,6388
2023,Enero,VICALVARO,4422
2023,Enero,SANBLASCANILLEJAS,7951
2023,Enero,BARAJAS,1575
2023,Febrero,CENTRO,6608
2023,Febrero,ARGANZUELA,5723
2023,Febrero,RETIRO,3421
2023,Febrero,SALAMANCA,3838
2023,Febrero,CHAMARTIN,3809
2023,Febrero,TETUAN,7019
2023,Febrero,CHAMBERI,3907
2023,Febrero,FUENCARRALELPARDO,7791
2023,Febrero,MONCLOAARAVACA,3515
2023,Febrero,LATINA,11925
2023,Febrero,CARABANCHEL,14410
2023,Febrero,USERA,8639
2023,Febrero,PUENTEDEVALLECAS,16300
2023,Febrero,MORATALAZ,4497
2023,Febrero,CIUDADLINEAL,9277
2023,Febrero,HORTALEZA,6915
2023,Febrero,VILLAVERDE,9928
2023,Febrero,VILLADEVALLECAS,6619
2023,Febrero,VICALVARO,4475
2023,Febrero,SANBLASCANILLEJAS,8090
2023,Febrero,BARAJAS,1588
2023,Marzo,CENTRO,6590
2023,Marzo,ARGANZUELA,5734
2023,Marzo,RETIRO,3400
2023,Marzo,SALAMANCA,3886
2023,Marzo,CHAMARTIN,3838
2023,Marzo,TETUAN,7061
2023,Marzo,CHAMBERI,3900
2023,Marzo,FUENCARRALELPARDO,7881
2023,Marzo,MONCLOAARAVACA,3514
2023,Marzo,LATINA,11998
2023,Marzo,CARABANCHEL,14551
2023,Marzo,USERA,8780
2023,Marzo,PUENTEDEVALLECAS,16489
2023,Marzo,MORATALAZ,4543
2023,Marzo,CIUDADLINEAL,9282
2023,Marzo,HORTALEZA,6906
2023,Marzo,VILLAVERDE,10032
2023,Marzo,VILLADEVALLECAS,6645
2023,Marzo,VICALVARO,4517
2023,Marzo,SANBLASCANILLEJAS,8118
2023,Marzo,BARAJAS,1598
2023,Abril,CENTRO,6506
2023,Abril,ARGANZUELA,5583
2023,Abril,RETIRO,3263
2023,Abril,SALAMANCA,3812
2023,Abril,CHAMARTIN,3744
2023,Abril,TETUAN,6893
2023,Abril,CHAMBERI,3806
2023,Abril,FUENCARRALELPARDO,7679
2023,Abril,MONCLOAARAVACA,3500
2023,Abril,LATINA,11731
2023,Abril,CARABANCHEL,14361
2023,Abril,USERA,8564
2023,Abril,PUENTEDEVALLECAS,16159
2023,Abril,MORATALAZ,4482
2023,Abril,CIUDADLINEAL,9152
2023,Abril,HORTALEZA,6817
2023,Abril,VILLAVERDE,9835
2023,Abril,VILLADEVALLECAS,6566
2023,Abril,VICALVARO,4378
2023,Abril,SANBLASCANILLEJAS,7968
2023,Abril,BARAJAS,1560
2023,Mayo,CENTRO,6298
2023,Mayo,ARGANZUELA,5469
2023,Mayo,RETIRO,3235
2023,Mayo,SALAMANCA,3759
2023,Mayo,CHAMARTIN,3738
2023,Mayo,TETUAN,6839
2023,Mayo,CHAMBERI,3773
2023,Mayo,FUENCARRALELPARDO,7536
2023,Mayo,MONCLOAARAVACA,3450
2023,Mayo,LATINA,11486
2023,Mayo,CARABANCHEL,14091
2023,Mayo,USERA,8498
2023,Mayo,PUENTEDEVALLECAS,15892
2023,Mayo,MORATALAZ,4436
2023,Mayo,CIUDADLINEAL,8965
2023,Mayo,HORTALEZA,6673
2023,Mayo,VILLAVERDE,9796
2023,Mayo,VILLADEVALLECAS,6524
2023,Mayo,VICALVARO,4343
2023,Mayo,SANBLASCANILLEJAS,7872
2023,Mayo,BARAJAS,1547
2023,Junio,CENTRO,6300
2023,Junio,ARGANZUELA,5453
2023,Junio,RETIRO,3212
2023,Junio,SALAMANCA,3765
2023,Junio,CHAMARTIN,3726
2023,Junio,TETUAN,6750
2023,Junio,CHAMBERI,3721
2023,Junio,FUENCARRALELPARDO,7528
2023,Junio,MONCLOAARAVACA,3456
2023,Junio,LATINA,11364
2023,Junio,CARABANCHEL,13944
2023,Junio,USERA,8396
2023,Junio,PUENTEDEVALLECAS,15657
2023,Junio,MORATALAZ,4366
2023,Junio,CIUDADLINEAL,8912
2023,Junio,HORTALEZA,6678
2023,Junio,VILLAVERDE,9673
2023,Junio,VILLADEVALLECAS,6453
2023,Junio,VICALVARO,4322
2023,Junio,SANBLASCANILLEJAS,7675
2023,Junio,BARAJAS,1545
2023,Julio,CENTRO,6224
2023,Julio,ARGANZUELA,5513
2023,Julio,RETIRO,3308
2023,Julio,SALAMANCA,3831
2023,Julio,CHAMARTIN,3708
2023,Julio,TETUAN,6646
2023,Julio,CHAMBERI,3786
2023,Julio,FUENCARRALELPARDO,7584
2023,Julio,MONCLOAARAVACA,3514
2023,Julio,LATINA,11223
2023,Julio,CARABANCHEL,13679
2023,Julio,USERA,8204
2023,Julio,PUENTEDEVALLECAS,15199
2023,Julio,MORATALAZ,4323
2023,Julio,CIUDADLINEAL,8861
2023,Julio,HORTALEZA,6717
2023,Julio,VILLAVERDE,9363
2023,Julio,VILLADEVALLECAS,6386
2023,Julio,VICALVARO,4329
2023,Julio,SANBLASCANILLEJAS,7669
2023,Julio,BARAJAS,1586
2023,Agosto,CENTRO,6415
2023,Agosto,ARGANZUELA,5601
2023,Agosto,RETIRO,3370
2023,Agosto,SALAMANCA,3829
2023,Agosto,CHAMARTIN,3748
2023,Agosto,TETUAN,6714
2023,Agosto,CHAMBERI,3832
2023,Agosto,FUENCARRALELPARDO,7598
2023,Agosto,MONCLOAARAVACA,3547
2023,Agosto,LATINA,11329
2023,Agosto,CARABANCHEL,13707
2023,Agosto,USERA,8183
2023,Agosto,PUENTEDEVALLECAS,15301
2023,Agosto,MORATALAZ,4354
2023,Agosto,CIUDADLINEAL,8905
2023,Agosto,HORTALEZA,6799
2023,Agosto,VILLAVERDE,9379
2023,Agosto,VILLADEVALLECAS,6424
2023,Agosto,VICALVARO,4376
2023,Agosto,SANBLASCANILLEJAS,7744
2023,Agosto,BARAJAS,1563
2023,Septiembre,CENTRO,6315
2023,Septiembre,ARGANZUELA,5537
2023,Septiembre,RETIRO,3271
2023,Septiembre,SALAMANCA,3839
2023,Septiembre,CHAMARTIN,3696
2023,Septiembre,TETUAN,6793
2023,Septiembre,CHAMBERI,3863
2023,Septiembre,FUENCARRALELPARDO,7641
2023,Septiembre,MONCLOAARAVACA,3501
2023,Septiembre,LATINA,11493
2023,Septiembre,CARABANCHEL,13955
2023,Septiembre,USERA,8168
2023,Septiembre,PUENTEDEVALLECAS,15453
2023,Septiembre,MORATALAZ,4442
2023,Septiembre,CIUDADLINEAL,8961
2023,Septiembre,HORTALEZA,6811
2023,Septiembre,VILLAVERDE,9529
2023,Septiembre,VILLADEVALLECAS,6471
2023,Septiembre,VICALVARO,4423
2023,Septiembre,SANBLASCANILLEJAS,7766
2023,Septiembre,BARAJAS,1545
2023,Octubre,CENTRO,6297
2023,Octubre,ARGANZUELA,5466
2023,Octubre,RETIRO,3218
2023,Octubre,SALAMANCA,3819
2023,Octubre,CHAMARTIN,3683
2023,Octubre,TETUAN,6786
2023,Octubre,CHAMBERI,3818
2023,Octubre,FUENCARRALELPARDO,7646
2023,Octubre,MONCLOAARAVACA,3501
2023,Octubre,LATINA,11415
2023,Octubre,CARABANCHEL,14121
2023,Octubre,USERA,8269
2023,Octubre,PUENTEDEVALLECAS,15500
2023,Octubre,MORATALAZ,4403
2023,Octubre,CIUDADLINEAL,9020
2023,Octubre,HORTALEZA,6770
2023,Octubre,VILLAVERDE,9588
2023,Octubre,VILLADEVALLECAS,6465
2023,Octubre,VICALVARO,4381
2023,Octubre,SANBLASCANILLEJAS,7796
2023,Octubre,BARAJAS,1572
2023,Noviembre,CENTRO,6263
2023,Noviembre,ARGANZUELA,5393
2023,Noviembre,RETIRO,3223
2023,Noviembre,SALAMANCA,3810
2023,Noviembre,CHAMARTIN,3659
2023,Noviembre,TETUAN,6700
2023,Noviembre,CHAMBERI,3823
2023,Noviembre,FUENCARRALELPARDO,7476
2023,Noviembre,MONCLOAARAVACA,3413
2023,Noviembre,LATINA,11267
2023,Noviembre,CARABANCHEL,13761
2023,Noviembre,USERA,8149
2023,Noviembre,PUENTEDEVALLECAS,15307
2023,Noviembre,MORATALAZ,4324
2023,Noviembre,CIUDADLINEAL,8937
2023,Noviembre,HORTALEZA,6671
2023,Noviembre,VILLAVERDE,9418
2023,Noviembre,VILLADEVALLECAS,6330
2023,Noviembre,VICALVARO,4264
2023,Noviembre,SANBLASCANILLEJAS,7604
2023,Noviembre,BARAJAS,1531
2023,Diciembre,CENTRO,6257
2023,Diciembre,ARGANZUELA,5389
2023,Diciembre,RETIRO,3194
2023,Diciembre,SALAMANCA,3756
2023,Diciembre,CHAMARTIN,3694
2023,Diciembre,TETUAN,6643
2023,Diciembre,CHAMBERI,3813
2023,Diciembre,FUENCARRALELPARDO,7421
2023,Diciembre,MONCLOAARAVACA,3442
2023,Diciembre,LATINA,11154
2023,Diciembre,CARABANCHEL,13620
2023,Diciembre,USERA,8011
2023,Diciembre,PUENTEDEVALLECAS,15141
2023,Diciembre,MORATALAZ,4189
2023,Diciembre,CIUDADLINEAL,8810
2023,Diciembre,HORTALEZA,6572
2023,Diciembre,VILLAVERDE,9292
2023,Diciembre,VILLADEVALLECAS,6257
2023,Diciembre,VICALVARO,4219
2023,Diciembre,SANBLASCANILLEJAS,7576
2023,Diciembre,BARAJAS,1490
2024,Enero,CENTRO,6508
2024,Enero,ARGANZUELA,5591
2024,Enero,RETIRO,3267
2024,Enero,SALAMANCA,3934
2024,Enero,CHAMARTIN,3763
2024,Enero,TETUAN,6919
2024,Enero,CHAMBERI,3936
2024,Enero,FUENCARRALELPARDO,7562
2024,Enero,MONCLOAARAVACA,3484
2024,Enero,LATINA,11629
2024,Enero,CARABANCHEL,14191
2024,Enero,USERA,8314
2024,Enero,PUENTEDEVALLECAS,15860
2024,Enero,MORATALAZ,4383
2024,Enero,CIUDADLINEAL,9109
2024,Enero,HORTALEZA,6655
2024,Enero,VILLAVERDE,9741
2024,Enero,VILLADEVALLECAS,6479
2024,Enero,VICALVARO,4403
2024,Enero,SANBLASCANILLEJAS,7847
2024,Enero,BARAJAS,1511
2024,Febrero,CENTRO,6482
2024,Febrero,ARGANZUELA,5508
2024,Febrero,RETIRO,3210
2024,Febrero,SALAMANCA,3912
2024,Febrero,CHAMARTIN,3768
2024,Febrero,TETUAN,6971
2024,Febrero,CHAMBERI,3915
2024,Febrero,FUENCARRALELPARDO,7537
2024,Febrero,MONCLOAARAVACA,3501
2024,Febrero,LATINA,11690
2024,Febrero,CARABANCHEL,14295
2024,Febrero,USERA,8401
2024,Febrero,PUENTEDEVALLECAS,15907
2024,Febrero,MORATALAZ,4411
2024,Febrero,CIUDADLINEAL,9148
2024,Febrero,HORTALEZA,6614
2024,Febrero,VILLAVERDE,9874
2024,Febrero,VILLADEVALLECAS,6544
2024,Febrero,VICALVARO,4435
2024,Febrero,SANBLASCANILLEJAS,7797
2024,Febrero,BARAJAS,1513
2024,Marzo,CENTRO,6543
2024,Marzo,ARGANZUELA,5536
2024,Marzo,RETIRO,3198
2024,Marzo,SALAMANCA,3897
2024,Marzo,CHAMARTIN,3810
2024,Marzo,TETUAN,7001
2024,Marzo,CHAMBERI,3888
2024,Marzo,FUENCARRALELPARDO,7594
2024,Marzo,MONCLOAARAVACA,3472
2024,Marzo,LATINA,11704
2024,Marzo,CARABANCHEL,14465
2024,Marzo,USERA,8522
2024,Marzo,PUENTEDEVALLECAS,15926
2024,Marzo,MORATALAZ,4415
2024,Marzo,CIUDADLINEAL,9210
2024,Marzo,HORTALEZA,6636
2024,Marzo,VILLAVERDE,9850
2024,Marzo,VILLADEVALLECAS,6572
2024,Marzo,VICALVARO,4520
2024,Marzo,SANBLASCANILLEJAS,7890
2024,Marzo,BARAJAS,1519
2024,Abril,CENTRO,6199
2024,Abril,ARGANZUELA,5386
2024,Abril,RETIRO,3125
2024,Abril,SALAMANCA,3760
2024,Abril,CHAMARTIN,3718
2024,Abril,TETUAN,6753
2024,Abril,CHAMBERI,3872
2024,Abril,FUENCARRALELPARDO,7402
2024,Abril,MONCLOAARAVACA,3322
2024,Abril,LATINA,11397
2024,Abril,CARABANCHEL,14024
2024,Abril,USERA,8368
2024,Abril,PUENTEDEVALLECAS,15776
2024,Abril,MORATALAZ,4314
2024,Abril,CIUDADLINEAL,8992
2024,Abril,HORTALEZA,6536
2024,Abril,VILLAVERDE,9620
2024,Abril,VILLADEVALLECAS,6348
2024,Abril,VICALVARO,4420
2024,Abril,SANBLASCANILLEJAS,7771
2024,Abril,BARAJAS,1475
2024,Mayo,CENTRO,6205
2024,Mayo,ARGANZUELA,5289
2024,Mayo,RETIRO,3052
2024,Mayo,SALAMANCA,3712
2024,Mayo,CHAMARTIN,3609
2024,Mayo,TETUAN,6628
2024,Mayo,CHAMBERI,3695
2024,Mayo,FUENCARRALELPARDO,7287
2024,Mayo,MONCLOAARAVACA,3375
2024,Mayo,LATINA,11193
2024,Mayo,CARABANCHEL,13692
2024,Mayo,USERA,8108
2024,Mayo,PUENTEDEVALLECAS,15307
2024,Mayo,MORATALAZ,4233
2024,Mayo,CIUDADLINEAL,8905
2024,Mayo,HORTALEZA,6405
2024,Mayo,VILLAVERDE,9396
2024,Mayo,VILLADEVALLECAS,6307
2024,Mayo,VICALVARO,4367
2024,Mayo,SANBLASCANILLEJAS,7641
2024,Mayo,BARAJAS,1436
2024,Junio,CENTRO,6183
2024,Junio,ARGANZUELA,5231
2024,Junio,RETIRO,3011
2024,Junio,SALAMANCA,3701
2024,Junio,CHAMARTIN,3601
2024,Junio,TETUAN,6589
2024,Junio,CHAMBERI,3680
2024,Junio,FUENCARRALELPARDO,7144
2024,Junio,MONCLOAARAVACA,3337
2024,Junio,LATINA,11027
2024,Junio,CARABANCHEL,13433
2024,Junio,USERA,7925
2024,Junio,PUENTEDEVALLECAS,14924
2024,Junio,MORATALAZ,4170
2024,Junio,CIUDADLINEAL,8725
2024,Junio,HORTALEZA,6334
2024,Junio,VILLAVERDE,9238
2024,Junio,VILLADEVALLECAS,6259
2024,Junio,VICALVARO,4277
2024,Junio,SANBLASCANILLEJAS,7413
2024,Junio,BARAJAS,1418
2024,Julio,CENTRO,6269
2024,Julio,ARGANZUELA,5398
2024,Julio,RETIRO,3049
2024,Julio,SALAMANCA,3718
2024,Julio,CHAMARTIN,3651
2024,Julio,TETUAN,6556
2024,Julio,CHAMBERI,3753
2024,Julio,FUENCARRALELPARDO,7274
2024,Julio,MONCLOAARAVACA,3371
2024,Julio,LATINA,11016
2024,Julio,CARABANCHEL,13414
2024,Julio,USERA,7901
2024,Julio,PUENTEDEVALLECAS,14700
2024,Julio,MORATALAZ,4119
2024,Julio,CIUDADLINEAL,8736
2024,Julio,HORTALEZA,6488
2024,Julio,VILLAVERDE,9090
2024,Julio,VILLADEVALLECAS,6290
2024,Julio,VICALVARO,4290
2024,Julio,SANBLASCANILLEJAS,7375
2024,Julio,BARAJAS,1440
2024,Agosto,CENTRO,6307
2024,Agosto,ARGANZUELA,5408
2024,Agosto,RETIRO,3118
2024,Agosto,SALAMANCA,3686
2024,Agosto,CHAMARTIN,3728
2024,Agosto,TETUAN,6574
2024,Agosto,CHAMBERI,3818
2024,Agosto,FUENCARRALELPARDO,7406
2024,Agosto,MONCLOAARAVACA,3382
2024,Agosto,LATINA,11100
2024,Agosto,CARABANCHEL,13381
2024,Agosto,USERA,7995
2024,Agosto,PUENTEDEVALLECAS,14670
2024,Agosto,MORATALAZ,4088
2024,Agosto,CIUDADLINEAL,8753
2024,Agosto,HORTALEZA,6598
2024,Agosto,VILLAVERDE,9067
2024,Agosto,VILLADEVALLECAS,6299
2024,Agosto,VICALVARO,4254
2024,Agosto,SANBLASCANILLEJAS,7402
2024,Agosto,BARAJAS,1443
2024,Septiembre,CENTRO,6140
2024,Septiembre,ARGANZUELA,5399
2024,Septiembre,RETIRO,3094
2024,Septiembre,SALAMANCA,3708
2024,Septiembre,CHAMARTIN,3689
2024,Septiembre,TETUAN,6539
2024,Septiembre,CHAMBERI,3796
2024,Septiembre,FUENCARRALELPARDO,7431
2024,Septiembre,MONCLOAARAVACA,3355
2024,Septiembre,LATINA,11131
2024,Septiembre,CARABANCHEL,13461
2024,Septiembre,USERA,8009
2024,Septiembre,PUENTEDEVALLECAS,14782
2024,Septiembre,MORATALAZ,4138
2024,Septiembre,CIUDADLINEAL,8833
2024,Septiembre,HORTALEZA,6585
2024,Septiembre,VILLAVERDE,9143
2024,Septiembre,VILLADEVALLECAS,6304
2024,Septiembre,VICALVARO,4269
2024,Septiembre,SANBLASCANILLEJAS,7487
2024,Septiembre,BARAJAS,1458
2024,Octubre,CENTRO,6172
2024,Octubre,ARGANZUELA,5290
2024,Octubre,RETIRO,3071
2024,Octubre,SALAMANCA,3711
2024,Octubre,CHAMARTIN,3696
2024,Octubre,TETUAN,6545
2024,Octubre,CHAMBERI,3678
2024,Octubre,FUENCARRALELPARDO,7393
2024,Octubre,MONCLOAARAVACA,3369
2024,Octubre,LATINA,11042
2024,Octubre,CARABANCHEL,13653
2024,Octubre,USERA,8067
2024,Octubre,PUENTEDEVALLECAS,14892
2024,Octubre,MORATALAZ,4163
2024,Octubre,CIUDADLINEAL,8807
2024,Octubre,HORTALEZA,6467
2024,Octubre,VILLAVERDE,9331
2024,Octubre,VILLADEVALLECAS,6283
2024,Octubre,VICALVARO,4331
2024,Octubre,SANBLASCANILLEJAS,7556
2024,Octubre,BARAJAS,1467
2024,Noviembre,CENTRO,6062
2024,Noviembre,ARGANZUELA,5265
2024,Noviembre,RETIRO,3061
2024,Noviembre,SALAMANCA,3664
2024,Noviembre,CHAMARTIN,3667
2024,Noviembre,TETUAN,6456
2024,Noviembre,CHAMBERI,3725
2024,Noviembre,FUENCARRALELPARDO,7343
2024,Noviembre,MONCLOAARAVACA,3359
2024,Noviembre,LATINA,10898
2024,Noviembre,CARABANCHEL,13441
2024,Noviembre,USERA,7980
2024,Noviembre,PUENTEDEVALLECAS,14655
2024,Noviembre,MORATALAZ,4058
2024,Noviembre,CIUDADLINEAL,8737
2024,Noviembre,HORTALEZA,6374
2024,Noviembre,VILLAVERDE,9125
2024,Noviembre,VILLADEVALLECAS,6133
2024,Noviembre,VICALVARO,4223
2024,Noviembre,SANBLASCANILLEJAS,7508
2024,Noviembre,BARAJAS,1459
2024,Diciembre,CENTRO,5886
2024,Diciembre,ARGANZUELA,5294
2024,Diciembre,RETIRO,2946
2024,Diciembre,SALAMANCA,3570
2024,Diciembre,CHAMARTIN,3798
2024,Diciembre,TETUAN,6200
2024,Diciembre,CHAMBERI,3903
2024,Diciembre,FUENCARRALELPARDO,7096
2024,Diciembre,MONCLOAARAVACA,3339
2024,Diciembre,LATINA,10851
2024,Diciembre,CARABANCHEL,13131
2024,Diciembre,USERA,7940
2024,Diciembre,PUENTEDEVALLECAS,15613
2024,Diciembre,MORATALAZ,3354
2024,Diciembre,CIUDADLINEAL,8724
2024,Diciembre,HORTALEZA,6223
2024,Diciembre,VILLAVERDE,8961
2024,Diciembre,VILLADEVALLECAS,5294
2024,Diciembre,VICALVARO,4424
2024,Diciembre,SANBLASCANILLEJAS,7190
2024,Diciembre,BARAJAS,1593
2012,agosto,CENTRO,11947
2012,agosto,ARGANZUELA,11043
2012,agosto,RETIRO,6517
2012,agosto,SALAMANCA,7653
2012,agosto,CHAMARTIN,6936
2012,agosto,TETUAN,12132
2012,agosto,CHAMBERA,7926
2012,agosto,FUENCARRALELPARDO,13484
2012,agosto,MONCLOAARAVACA,6201
2012,agosto,LATINA,19593
2012,agosto,CARABANCHEL,22053
2012,agosto,USERA,12910
2012,agosto,PUENTEDEVALLECAS,24721
2012,agosto,MORATALAZ,8267
2012,agosto,CIUDADLINEAL,15666
2012,agosto,HORTALEZA,10949
2012,agosto,VILLAVERDE,15130
2012,agosto,VILLADEVALLECAS,10069
2012,agosto,VICALVARO,6843
2012,agosto,SANBLAS,12060
2012,agosto,BARAJAS,2664
2012,junio,CENTRO,11461
2012,junio,ARGANZUELA,10517
2012,junio,RETIRO,6274
2012,junio,SALAMANCA,7469
2012,junio,CHAMARTIN,6712
2012,junio,TETUAN,12009
2012,junio,CHAMBERA,7551
2012,junio,FUENCARRALELPARDO,13149
2012,junio,MONCLOAARAVACA,5985
2012,junio,LATINA,19436
2012,junio,CARABANCHEL,21875
2012,junio,USERA,12891
2012,junio,PUENTEDEVALLECAS,25224
2012,junio,MORATALAZ,8000
2012,junio,CIUDADLINEAL,15366
2012,junio,HORTALEZA,10602
2012,junio,VILLAVERDE,15183
2012,junio,VILLADEVALLECAS,9916
2012,junio,VICALVARO,6834
2012,junio,SANBLAS,11889
2012,junio,BARAJAS,2601
2012,mayo,CENTRO,11547
2012,mayo,ARGANZUELA,10561
2012,mayo,RETIRO,6408
2012,mayo,SALAMANCA,7489
2012,mayo,CHAMARTIN,6713
2012,mayo,TETUAN,12252
2012,mayo,CHAMBERA,7633
2012,mayo,FUENCARRALELPARDO,13327
2012,mayo,MONCLOAARAVACA,6034
2012,mayo,LATINA,19727
2012,mayo,CARABANCHEL,22187
2012,mayo,USERA,13145
2012,mayo,PUENTEDEVALLECAS,25857
2012,mayo,MORATALAZ,8182
2012,mayo,CIUDADLINEAL,15598
2012,mayo,HORTALEZA,10692
2012,mayo,VILLAVERDE,15409
2012,mayo,VILLADEVALLECAS,10099
2012,mayo,VICALVARO,6866
2012,mayo,SANBLAS,12008
2012,mayo,BARAJAS,2628
2012,marzo,CENTRO,11625
2012,marzo,ARGANZUELA,10721
2012,marzo,RETIRO,6418
2012,marzo,SALAMANCA,7449
2012,marzo,CHAMARTIN,6686
2012,marzo,TETUAN,12319
2012,marzo,CHAMBERA,7703
2012,marzo,FUENCARRALELPARDO,13344
2012,marzo,MONCLOAARAVACA,6070
2012,marzo,LATINA,19762
2012,marzo,CARABANCHEL,22370
2012,marzo,USERA,13370
2012,marzo,PUENTEDEVALLECAS,25765
2012,marzo,MORATALAZ,8277
2012,marzo,CIUDADLINEAL,15571
2012,marzo,HORTALEZA,10570
2012,marzo,VILLAVERDE,15340
2012,marzo,VILLADEVALLECAS,10017
2012,marzo,VICALVARO,6898
2012,marzo,SANBLAS,12039
2012,marzo,BARAJAS,2629
2012,noviembre,CENTRO,12014
2012,noviembre,ARGANZUELA,11337
2012,noviembre,RETIRO,6656
2012,noviembre,SALAMANCA,7858
2012,noviembre,CHAMARTIN,7054
2012,noviembre,TETUAN,12466
2012,noviembre,CHAMBERA,8034
2012,noviembre,FUENCARRALELPARDO,13869
2012,noviembre,MONCLOAARAVACA,6394
2012,noviembre,LATINA,20499
2012,noviembre,CARABANCHEL,23427
2012,noviembre,USERA,13691
2012,noviembre,PUENTEDEVALLECAS,26166
2012,noviembre,MORATALAZ,8736
2012,noviembre,CIUDADLINEAL,16131
2012,noviembre,HORTALEZA,11163
2012,noviembre,VILLAVERDE,15966
2012,noviembre,VILLADEVALLECAS,10607
2012,noviembre,VICALVARO,7136
2012,noviembre,SANBLAS,12738
2012,noviembre,BARAJAS,2760
2012,septiembre,CENTRO,11879
2012,septiembre,ARGANZUELA,11146
2012,septiembre,RETIRO,6645
2012,septiembre,SALAMANCA,7725
2012,septiembre,CHAMARTIN,6941
2012,septiembre,TETUAN,12206
2012,septiembre,CHAMBERA,7991
2012,septiembre,FUENCARRALELPARDO,13554
2012,septiembre,MONCLOAARAVACA,6310
2012,septiembre,LATINA,19981
2012,septiembre,CARABANCHEL,22379
2012,septiembre,USERA,13176
2012,septiembre,PUENTEDEVALLECAS,25334
2012,septiembre,MORATALAZ,8495
2012,septiembre,CIUDADLINEAL,15904
2012,septiembre,HORTALEZA,10998
2012,septiembre,VILLAVERDE,15560
2012,septiembre,VILLADEVALLECAS,10210
2012,septiembre,VICALVARO,7029
2012,septiembre,SANBLAS,12166
2012,septiembre,BARAJAS,2681
2012,febrero,CENTRO,11547
2012,febrero,ARGANZUELA,10683
2012,febrero,RETIRO,6381
2012,febrero,SALAMANCA,7370
2012,febrero,CHAMARTIN,6685
2012,febrero,TETUAN,12175
2012,febrero,CHAMBERA,7785
2012,febrero,FUENCARRALELPARDO,13159
2012,febrero,MONCLOAARAVACA,5990
2012,febrero,LATINA,19653
2012,febrero,CARABANCHEL,22232
2012,febrero,USERA,13240
2012,febrero,PUENTEDEVALLECAS,25480
2012,febrero,MORATALAZ,8097
2012,febrero,CIUDADLINEAL,15399
2012,febrero,HORTALEZA,10379
2012,febrero,VILLAVERDE,15263
2012,febrero,VILLADEVALLECAS,9828
2012,febrero,VICALVARO,6814
2012,febrero,SANBLAS,11890
2012,febrero,BARAJAS,2586
2012,julio,CENTRO,11723
2012,julio,ARGANZUELA,10825
2012,julio,RETIRO,6371
2012,julio,SALAMANCA,7561
2012,julio,CHAMARTIN,6886
2012,julio,TETUAN,12008
2012,julio,CHAMBERA,7781
2012,julio,FUENCARRALELPARDO,13381
2012,julio,MONCLOAARAVACA,6079
2012,julio,LATINA,19560
2012,julio,CARABANCHEL,21917
2012,julio,USERA,12742
2012,julio,PUENTEDEVALLECAS,24783
2012,julio,MORATALAZ,8113
2012,julio,CIUDADLINEAL,15493
2012,julio,HORTALEZA,10816
2012,julio,VILLAVERDE,15120
2012,julio,VILLADEVALLECAS,9979
2012,julio,VICALVARO,6824
2012,julio,SANBLAS,11924
2012,julio,BARAJAS,2617
2012,abril,CENTRO,11535
2012,abril,ARGANZUELA,10611
2012,abril,RETIRO,6476
2012,abril,SALAMANCA,7437
2012,abril,CHAMARTIN,6761
2012,abril,TETUAN,12274
2012,abril,CHAMBERA,7703
2012,abril,FUENCARRALELPARDO,13439
2012,abril,MONCLOAARAVACA,6127
2012,abril,LATINA,19722
2012,abril,CARABANCHEL,22300
2012,abril,USERA,13359
2012,abril,PUENTEDEVALLECAS,25988
2012,abril,MORATALAZ,8245
2012,abril,CIUDADLINEAL,15610
2012,abril,HORTALEZA,10688
2012,abril,VILLAVERDE,15427
2012,abril,VILLADEVALLECAS,10033
2012,abril,VICALVARO,6909
2012,abril,SANBLAS,11989
2012,abril,BARAJAS,2635
2012,enero,CENTRO,11294
2012,enero,ARGANZUELA,10442
2012,enero,RETIRO,6242
2012,enero,SALAMANCA,7211
2012,enero,CHAMARTIN,6543
2012,enero,TETUAN,11745
2012,enero,CHAMBERA,7523
2012,enero,FUENCARRALELPARDO,12857
2012,enero,MONCLOAARAVACA,5834
2012,enero,LATINA,19111
2012,enero,CARABANCHEL,21678
2012,enero,USERA,12758
2012,enero,PUENTEDEVALLECAS,24497
2012,enero,MORATALAZ,7776
2012,enero,CIUDADLINEAL,15033
2012,enero,HORTALEZA,9991
2012,enero,VILLAVERDE,14902
2012,enero,VILLADEVALLECAS,9454
2012,enero,VICALVARO,6584
2012,enero,SANBLAS,11618
2012,enero,BARAJAS,2498
2012,octubre,CENTRO,11899
2012,octubre,ARGANZUELA,11267
2012,octubre,RETIRO,6645
2012,octubre,SALAMANCA,7739
2012,octubre,CHAMARTIN,7037
2012,octubre,TETUAN,12404
2012,octubre,CHAMBERA,8068
2012,octubre,FUENCARRALELPARDO,13717
2012,octubre,MONCLOAARAVACA,6426
2012,octubre,LATINA,20434
2012,octubre,CARABANCHEL,23124
2012,octubre,USERA,13564
2012,octubre,PUENTEDEVALLECAS,25976
2012,octubre,MORATALAZ,8648
2012,octubre,CIUDADLINEAL,16150
2012,octubre,HORTALEZA,11134
2012,octubre,VILLAVERDE,15961
2012,octubre,VILLADEVALLECAS,10512
2012,octubre,VICALVARO,7149
2012,octubre,SANBLAS,12517
2012,octubre,BARAJAS,2689
