﻿Distrito;anyo;promedio_anual
ARGANZUELA;2011;154417
ARGANZUELA;2012;154910
ARGANZUELA;2013;153081
ARGANZUELA;2014;151199
ARGANZUELA;2015;151180
ARGANZUELA;2016;152232
ARGANZUELA;2017;152642
ARGANZUELA;2018;153652
ARGANZUELA;2019;155195
ARGANZUELA;2020;155867
ARGANZUELA;2021;153853
ARGANZUELA;2022;153839
BARAJAS;2011;46236
BARAJAS;2012;46421
BARAJAS;2013;45981
BARAJAS;2014;45774
BARAJAS;2015;46193
BARAJAS;2016;46795
BARAJAS;2017;47518
BARAJAS;2018;48604
BARAJAS;2019;49677
BARAJAS;2020;50283
BARAJAS;2021;50196
BARAJAS;2022;48919
CARABANCHEL;2011;252635
CARABANCHEL;2012;250928
CARABANCHEL;2013;245644
CARABANCHEL;2014;242206
CARABANCHEL;2015;242011
CARABANCHEL;2016;243807
CARABANCHEL;2017;246739
CARABANCHEL;2018;251323
CARABANCHEL;2019;257238
CARABANCHEL;2020;260998
CARABANCHEL;2021;257402
CARABANCHEL;2022;260914
CENTRO;2011;140890
CENTRO;2012;140289
CENTRO;2013;136505
CENTRO;2014;132820
CENTRO;2015;132136
CENTRO;2016;132520
CENTRO;2017;132068
CENTRO;2018;132901
CENTRO;2019;138519
CENTRO;2020;141092
CENTRO;2021;141415
CENTRO;2022;140669
CHAMARTIN;2011;145789
CHAMARTIN;2012;145817
CHAMARTIN;2013;143937
CHAMARTIN;2014;142352
CHAMARTIN;2015;142418
CHAMARTIN;2016;143337
CHAMARTIN;2017;144535
CHAMARTIN;2018;145701
CHAMARTIN;2019;147226
CHAMARTIN;2020;147422
CHAMARTIN;2021;145307
CHAMARTIN;2022;145167
CHAMBERI;2011;142390
CHAMBERI;2012;141977
CHAMBERI;2013;140187
CHAMBERI;2014;138310
CHAMBERI;2015;137638
CHAMBERI;2016;137804
CHAMBERI;2017;138094
CHAMBERI;2018;139177
CHAMBERI;2019;140372
CHAMBERI;2020;140557
CHAMBERI;2021;138093
CHAMBERI;2022;138497
CIUDADLINEAL;2011;224206
CIUDADLINEAL;2012;222148
CIUDADLINEAL;2013;217118
CIUDADLINEAL;2014;213609
CIUDADLINEAL;2015;212636
CIUDADLINEAL;2016;213166
CIUDADLINEAL;2017;214192
CIUDADLINEAL;2018;216028
CIUDADLINEAL;2019;218730
CIUDADLINEAL;2020;219764
CIUDADLINEAL;2021;215785
CIUDADLINEAL;2022;217756
FUENCARRAL-ELPARDO;2011;233078
FUENCARRAL-ELPARDO;2012;234635
FUENCARRAL-ELPARDO;2013;233755
FUENCARRAL-ELPARDO;2014;233618
FUENCARRAL-ELPARDO;2015;235055
FUENCARRAL-ELPARDO;2016;237898
FUENCARRAL-ELPARDO;2017;241534
FUENCARRAL-ELPARDO;2018;245405
FUENCARRAL-ELPARDO;2019;248659
FUENCARRAL-ELPARDO;2020;250231
FUENCARRAL-ELPARDO;2021;247416
FUENCARRAL-ELPARDO;2022;248629
HORTALEZA;2011;175277
HORTALEZA;2012;175277
HORTALEZA;2013;173673
HORTALEZA;2014;174028
HORTALEZA;2015;176725
HORTALEZA;2016;179778
HORTALEZA;2017;182547
HORTALEZA;2018;186601
HORTALEZA;2019;191531
HORTALEZA;2020;194318
HORTALEZA;2021;193732
HORTALEZA;2022;197613
LATINA;2011;248671
LATINA;2012;246454
LATINA;2013;241424
LATINA;2014;236622
LATINA;2015;234775
LATINA;2016;234671
LATINA;2017;235306
LATINA;2018;237564
LATINA;2019;240754
LATINA;2020;242549
LATINA;2021;239005
LATINA;2022;240823
MONCLOA-ARAVACA;2011;117778
MONCLOA-ARAVACA;2012;117671
MONCLOA-ARAVACA;2013;116714
MONCLOA-ARAVACA;2014;116062
MONCLOA-ARAVACA;2015;116697
MONCLOA-ARAVACA;2016;117118
MONCLOA-ARAVACA;2017;117485
MONCLOA-ARAVACA;2018;118875
MONCLOA-ARAVACA;2019;120770
MONCLOA-ARAVACA;2020;121842
MONCLOA-ARAVACA;2021;120992
MONCLOA-ARAVACA;2022;121522
MORATALAZ;2011;100500
MORATALAZ;2012;99305
MORATALAZ;2013;97265
MORATALAZ;2014;95711
MORATALAZ;2015;94869
MORATALAZ;2016;94678
MORATALAZ;2017;94489
MORATALAZ;2018;94717
MORATALAZ;2019;95486
MORATALAZ;2020;95180
MORATALAZ;2021;93229
MORATALAZ;2022;93165
PUENTEDEVALLECAS;2011;239572
PUENTEDEVALLECAS;2012;236947
PUENTEDEVALLECAS;2013;231450
PUENTEDEVALLECAS;2014;228012
PUENTEDEVALLECAS;2015;227323
PUENTEDEVALLECAS;2016;228051
PUENTEDEVALLECAS;2017;229444
PUENTEDEVALLECAS;2018;233364
PUENTEDEVALLECAS;2019;238644
PUENTEDEVALLECAS;2020;241596
PUENTEDEVALLECAS;2021;237599
PUENTEDEVALLECAS;2022;240188
RETIRO;2011;121730
RETIRO;2012;121317
RETIRO;2013;119759
RETIRO;2014;118658
RETIRO;2015;118511
RETIRO;2016;118913
RETIRO;2017;118880
RETIRO;2018;119452
RETIRO;2019;120257
RETIRO;2020;120116
RETIRO;2021;118344
RETIRO;2022;118373
SALAMANCA;2011;146768
SALAMANCA;2012;146707
SALAMANCA;2013;144780
SALAMANCA;2014;143291
SALAMANCA;2015;143133
SALAMANCA;2016;143921
SALAMANCA;2017;144553
SALAMANCA;2018;145855
SALAMANCA;2019;147259
SALAMANCA;2020;147456
SALAMANCA;2021;146010
SALAMANCA;2022;146200
SANBLAS-CANILLEJAS;2011;156641
SANBLAS-CANILLEJAS;2012;156593
SANBLAS-CANILLEJAS;2013;154848
SANBLAS-CANILLEJAS;2014;153272
SANBLAS-CANILLEJAS;2015;153447
SANBLAS-CANILLEJAS;2016;154348
SANBLAS-CANILLEJAS;2017;155824
SANBLAS-CANILLEJAS;2018;157798
SANBLAS-CANILLEJAS;2019;160079
SANBLAS-CANILLEJAS;2020;161596
SANBLAS-CANILLEJAS;2021;159956
SANBLAS-CANILLEJAS;2022;161253
TETUAN;2011;156234
TETUAN;2012;156841
TETUAN;2013;154172
TETUAN;2014;152051
TETUAN;2015;152272
TETUAN;2016;153762
TETUAN;2017;155202
TETUAN;2018;157205
TETUAN;2019;160062
TETUAN;2020;161478
TETUAN;2021;158754
TETUAN;2022;159797
USERA;2011;139315
USERA;2012;137831
USERA;2013;135186
USERA;2014;133414
USERA;2015;133832
USERA;2016;134912
USERA;2017;136291
USERA;2018;138676
USERA;2019;141578
USERA;2020;143374
USERA;2021;141764
USERA;2022;142970
VICALVARO;2011;70787
VICALVARO;2012;70877
VICALVARO;2013;70156
VICALVARO;2014;69691
VICALVARO;2015;69791
VICALVARO;2016;70079
VICALVARO;2017;70714
VICALVARO;2018;71610
VICALVARO;2019;73410
VICALVARO;2020;74862
VICALVARO;2021;77558
VICALVARO;2022;82029
VILLADEVALLECAS;2011;93950
VILLADEVALLECAS;2012;96739
VILLADEVALLECAS;2013;98540
VILLADEVALLECAS;2014;99390
VILLADEVALLECAS;2015;101252
VILLADEVALLECAS;2016;103604
VILLADEVALLECAS;2017;106364
VILLADEVALLECAS;2018;109358
VILLADEVALLECAS;2019;112830
VILLADEVALLECAS;2020;115338
VILLADEVALLECAS;2021;114974
VILLADEVALLECAS;2022;116736
VILLAVERDE;2011;147645
VILLAVERDE;2012;146339
VILLAVERDE;2013;143612
VILLAVERDE;2014;141916
VILLAVERDE;2015;141527
VILLAVERDE;2016;142516
VILLAVERDE;2017;144581
VILLAVERDE;2018;147767
VILLAVERDE;2019;152003
VILLAVERDE;2020;155438
VILLAVERDE;2021;154573
VILLAVERDE;2022;157503
