﻿anyo,Distrito,Renta neta media por persona
2015,CENTRO,15.512
2015,ARGANZUELA,16.855
2015,RETIRO,20.9
2015,SALAMANCA,23.009
2015,CHAMARTIN,24.155
2015,TETUAN,14.563
2015,CHAMBERI,21.558
2015,FUENCARRALELPARDO,18.109
2015,MONCLOAARAVACA,21.689
2015,LATINA,12.057
2015,CARABANCHEL,10.758
2015,USERA,9.276
2015,PUENTEDEVALLECAS,9.386
2015,MORATALAZ,13.714
2015,CIUDADLINEAL,14.767
2015,HORTALEZA,17.662
2015,VILLAVERDE,9.642
2015,VILLADEVALLECAS,11.688
2015,VICALVARO,11.375
2015,SANBLASCANILLEJAS,13.171
2015,BARAJAS,17.257
2016,CENTRO,16.147
2016,ARGANZUELA,17.306
2016,RETIRO,21.504
2016,SALAMANCA,24.433
2016,CHAMARTIN,25.969
2016,TETUAN,14.97
2016,CHAMBERI,22.499
2016,FUENCARRALELPARDO,18.573
2016,MONCLOAARAVACA,22.152
2016,LATINA,12.232
2016,CARABANCHEL,10.872
2016,USERA,9.395
2016,PUENTEDEVALLECAS,9.545
2016,MORATALAZ,13.944
2016,CIUDADLINEAL,15.048
2016,HORTALEZA,18.277
2016,VILLAVERDE,9.756
2016,VILLADEVALLECAS,11.925
2016,VICALVARO,11.695
2016,SANBLASCANILLEJAS,13.404
2016,BARAJAS,17.641
2017,CENTRO,16.711
2017,ARGANZUELA,17.738
2017,RETIRO,21.598
2017,SALAMANCA,24.683
2017,CHAMARTIN,26.267
2017,TETUAN,15.18
2017,CHAMBERI,22.897
2017,FUENCARRALELPARDO,18.661
2017,MONCLOAARAVACA,22.792
2017,LATINA,12.37
2017,CARABANCHEL,10.988
2017,USERA,9.552
2017,PUENTEDEVALLECAS,9.706
2017,MORATALAZ,14.135
2017,CIUDADLINEAL,15.111
2017,HORTALEZA,18.62
2017,VILLAVERDE,9.875
2017,VILLADEVALLECAS,12.114
2017,VICALVARO,11.941
2017,SANBLASCANILLEJAS,13.559
2017,BARAJAS,17.807
2018,CENTRO,17.932
2018,ARGANZUELA,18.473
2018,RETIRO,22.706
2018,SALAMANCA,26.255
2018,CHAMARTIN,28.19
2018,TETUAN,15.742
2018,CHAMBERI,24.112
2018,FUENCARRALELPARDO,19.551
2018,MONCLOAARAVACA,24.686
2018,LATINA,12.749
2018,CARABANCHEL,11.327
2018,USERA,9.86
2018,PUENTEDEVALLECAS,10.045
2018,MORATALAZ,14.637
2018,CIUDADLINEAL,15.815
2018,HORTALEZA,19.759
2018,VILLAVERDE,10.164
2018,VILLADEVALLECAS,12.545
2018,VICALVARO,12.353
2018,SANBLASCANILLEJAS,14.1
2018,BARAJAS,18.514
2019,CENTRO,18.789
2019,ARGANZUELA,19.088
2019,RETIRO,23.262
2019,SALAMANCA,25.77
2019,CHAMARTIN,27.634
2019,TETUAN,16.354
2019,CHAMBERI,24.881
2019,FUENCARRALELPARDO,20.105
2019,MONCLOAARAVACA,24.025
2019,LATINA,13.179
2019,CARABANCHEL,11.679
2019,USERA,10.211
2019,PUENTEDEVALLECAS,10.402
2019,MORATALAZ,15.101
2019,CIUDADLINEAL,16.349
2019,HORTALEZA,20.044
2019,VILLAVERDE,10.54
2019,VILLADEVALLECAS,12.976
2019,VICALVARO,12.916
2019,SANBLASCANILLEJAS,14.545
2019,BARAJAS,19.026
2020,CENTRO,18.314
2020,ARGANZUELA,19.284
2020,RETIRO,23.227
2020,SALAMANCA,25.932
2020,CHAMARTIN,27.719
2020,TETUAN,16.336
2020,CHAMBERI,24.913
2020,FUENCARRALELPARDO,20.217
2020,MONCLOAARAVACA,24.138
2020,LATINA,13.261
2020,CARABANCHEL,11.713
2020,USERA,10.239
2020,PUENTEDEVALLECAS,10.445
2020,MORATALAZ,15.294
2020,CIUDADLINEAL,16.436
2020,HORTALEZA,19.89
2020,VILLAVERDE,10.591
2020,VILLADEVALLECAS,13.099
2020,VICALVARO,13.123
2020,SANBLASCANILLEJAS,14.537
2020,BARAJAS,19.138
2021,CENTRO,19.199
2021,ARGANZUELA,20.103
2021,RETIRO,23.925
2021,SALAMANCA,25.956
2021,CHAMARTIN,28.233
2021,TETUAN,17.026
2021,CHAMBERI,25.275
2021,FUENCARRALELPARDO,20.671
2021,MONCLOAARAVACA,24.659
2021,LATINA,13.719
2021,CARABANCHEL,12.275
2021,USERA,10.797
2021,PUENTEDEVALLECAS,10.941
2021,MORATALAZ,15.667
2021,CIUDADLINEAL,16.89
2021,HORTALEZA,20.5
2021,VILLAVERDE,11.059
2021,VILLADEVALLECAS,13.605
2021,VICALVARO,13.849
2021,SANBLASCANILLEJAS,15.115
2021,BARAJAS,19.482
2022,CENTRO,20.587
2022,ARGANZUELA,21.383
2022,RETIRO,25.407
2022,SALAMANCA,28.14
2022,CHAMARTIN,30.506
2022,TETUAN,18.062
2022,CHAMBERI,27.076
2022,FUENCARRALELPARDO,21.947
2022,MONCLOAARAVACA,26.694
2022,LATINA,14.375
2022,CARABANCHEL,12.764
2022,USERA,11.43
2022,PUENTEDEVALLECAS,11.452
2022,MORATALAZ,16.437
2022,CIUDADLINEAL,17.808
2022,HORTALEZA,21.766
2022,VILLAVERDE,11.563
2022,VILLADEVALLECAS,14.274
2022,VICALVARO,14.832
2022,SANBLASCANILLEJAS,15.902
2022,BARAJAS,20.788
