﻿Distrito,anyo,obras_iniciadas,obras_finalizadas
ARGANZUELA,2018,1,1
ARGANZUELA,2021,4,3
ARGANZUELA,2024,3,0
ARGANZUELA,2025,3,0
ARGANZUELA,2026,1,0
BARAJAS,2018,1,0
BARAJAS,2020,2,0
BARAJAS,2021,1,1
BARAJAS,2022,2,2
BARAJAS,2023,2,0
BARAJAS,2025,3,0
CARABANCHEL,2020,3,2
CARABANCHEL,2021,2,1
CARABANCHEL,2022,2,1
CARABANCHEL,2023,2,0
CARABANCHEL,2024,2,0
CARABANCHEL,2025,1,0
CENTRO,2016,1,1
CENTRO,2018,1,1
CENTRO,2021,1,1
CENTRO,2022,2,1
CENTRO,2023,1,1
CENTRO,2024,2,0
CENTRO,2025,7,0
CHAMARTIN,2021,2,1
CHAMARTIN,2022,2,2
CHAMARTIN,2023,1,1
CHAMBERI,2021,1,1
CHAMBERI,2022,1,1
CHAMBERI,2025,1,0
CIUDADLINEAL,2018,1,1
CIUDADLINEAL,2020,2,2
CIUDADLINEAL,2021,1,0
CIUDADLINEAL,2022,4,3
CIUDADLINEAL,2023,6,1
CIUDADLINEAL,2024,3,0
FUENCARRALELPARDO,2020,2,0
FUENCARRALELPARDO,2021,3,2
FUENCARRALELPARDO,2022,4,3
FUENCARRALELPARDO,2023,1,0
FUENCARRALELPARDO,2024,3,0
FUENCARRALELPARDO,2025,2,0
HORTALEZA,2020,1,1
HORTALEZA,2021,1,0
HORTALEZA,2022,3,2
HORTALEZA,2023,3,1
HORTALEZA,2024,2,0
HORTALEZA,2025,3,0
LATINA,2019,1,0
LATINA,2020,1,1
LATINA,2021,3,1
LATINA,2022,3,1
LATINA,2023,1,0
LATINA,2024,2,0
LATINA,2025,2,0
MONCLOAARAVACA,2017,1,0
MONCLOAARAVACA,2020,1,0
MONCLOAARAVACA,2021,4,4
MONCLOAARAVACA,2022,2,2
MONCLOAARAVACA,2023,3,1
MONCLOAARAVACA,2024,5,1
MONCLOAARAVACA,2025,3,0
MONCLOAARAVACA,2026,1,0
MORATALAZ,2020,1,1
MORATALAZ,2022,2,0
MORATALAZ,2025,3,0
PUENTEDEVALLECAS,2017,2,1
PUENTEDEVALLECAS,2018,1,1
PUENTEDEVALLECAS,2019,3,3
PUENTEDEVALLECAS,2020,2,2
PUENTEDEVALLECAS,2021,2,1
PUENTEDEVALLECAS,2022,2,0
PUENTEDEVALLECAS,2024,3,0
PUENTEDEVALLECAS,2025,1,0
RETIRO,2017,1,0
RETIRO,2021,1,1
RETIRO,2022,5,3
RETIRO,2023,1,0
RETIRO,2025,2,0
SALAMANCA,2016,1,1
SALAMANCA,2021,2,2
SALAMANCA,2022,1,0
SALAMANCA,2023,1,1
SALAMANCA,2024,1,0
SALAMANCA,2025,2,0
SANBLASCANILLEJAS,2019,1,1
SANBLASCANILLEJAS,2020,2,2
SANBLASCANILLEJAS,2021,2,1
SANBLASCANILLEJAS,2022,1,0
SANBLASCANILLEJAS,2024,3,0
SANBLASCANILLEJAS,2025,3,0
TETUAN,2020,1,1
TETUAN,2021,4,2
TETUAN,2022,2,2
TETUAN,2024,1,0
TETUAN,2025,3,0
USERA,2021,2,1
USERA,2022,3,1
USERA,2023,4,3
USERA,2024,4,0
USERA,2025,3,0
VICALVARO,2008,1,0
VICALVARO,2010,1,0
VICALVARO,2015,1,0
VICALVARO,2017,1,1
VICALVARO,2019,8,5
VICALVARO,2020,6,1
VICALVARO,2021,2,0
VICALVARO,2022,1,0
VICALVARO,2023,3,2
VICALVARO,2024,2,0
VICALVARO,2025,7,0
VILLADEVALLECAS,2010,1,0
VILLADEVALLECAS,2019,5,4
VILLADEVALLECAS,2020,4,4
VILLADEVALLECAS,2021,4,2
VILLADEVALLECAS,2022,3,1
VILLADEVALLECAS,2023,5,0
VILLADEVALLECAS,2024,7,0
VILLADEVALLECAS,2025,4,0
VILLADEVALLECAS,2026,1,0
VILLAVERDE,2017,1,1
VILLAVERDE,2019,2,1
VILLAVERDE,2020,1,1
VILLAVERDE,2021,5,2
VILLAVERDE,2022,2,2
VILLAVERDE,2023,1,0
VILLAVERDE,2024,2,0
VILLAVERDE,2025,3,0
VILLAVERDE,2026,1,0
