﻿distrito,anyo,obras_iniciadas,obras_finalizadas
arganzuela,2018,1,1
arganzuela,2021,4,3
arganzuela,2024,3,0
arganzuela,2025,3,0
arganzuela,2026,1,0
arganzuela_carabanchel,2025,1,0
barajas,2018,1,0
barajas,2020,2,0
barajas,2021,1,1
barajas,2022,2,2
barajas,2023,2,0
barajas,2025,3,0
carabanchel,2020,3,2
carabanchel,2021,2,1
carabanchel,2022,2,1
carabanchel,2023,2,0
carabanchel,2024,2,0
carabanchel,2025,1,0
centro,2016,1,1
centro,2018,1,1
centro,2021,1,1
centro,2022,2,1
centro,2023,1,1
centro,2024,2,0
centro,2025,7,0
chamartin,2021,2,1
chamartin,2022,2,2
chamartin,2023,1,1
chamartin_fuencarral_el_pardo,2025,1,0
chamartin_tetuan,2021,1,1
chamberi,2021,1,1
chamberi,2022,1,1
chamberi,2025,1,0
ciudad_lineal,2018,1,1
ciudad_lineal,2020,2,2
ciudad_lineal,2021,1,0
ciudad_lineal,2022,4,3
ciudad_lineal,2023,6,1
ciudad_lineal,2024,3,0
fuencarral_el_pardo,2020,2,0
fuencarral_el_pardo,2021,3,2
fuencarral_el_pardo,2022,4,3
fuencarral_el_pardo,2023,1,0
fuencarral_el_pardo,2024,3,0
fuencarral_el_pardo,2025,2,0
fuencarral_el_pardo_chamartin,2020,1,1
fuencarral_el_pardo_hortaleza,2023,1,1
hortaleza,2020,1,1
hortaleza,2021,1,0
hortaleza,2022,3,2
hortaleza,2023,3,1
hortaleza,2024,2,0
hortaleza,2025,3,0
latina,2019,1,0
latina,2020,1,1
latina,2021,3,1
latina,2022,3,1
latina,2023,1,0
latina,2024,2,0
latina,2025,2,0
moncloa_aravaca,2017,1,0
moncloa_aravaca,2020,1,0
moncloa_aravaca,2021,4,4
moncloa_aravaca,2022,2,2
moncloa_aravaca,2023,3,1
moncloa_aravaca,2024,5,1
moncloa_aravaca,2025,3,0
moncloa_aravaca,2026,1,0
moratalaz,2020,1,1
moratalaz,2022,2,0
moratalaz,2025,3,0
puente_de_vallecas,2017,2,1
puente_de_vallecas,2018,1,1
puente_de_vallecas,2019,3,3
puente_de_vallecas,2020,2,2
puente_de_vallecas,2021,2,1
puente_de_vallecas,2022,2,0
puente_de_vallecas,2024,3,0
puente_de_vallecas,2025,1,0
puente_de_vallecas_villa_de_vallecas,2021,1,1
puente_de_vallecas_villa_de_vallecas,2023,1,0
retiro,2017,1,0
retiro,2021,1,1
retiro,2022,5,3
retiro,2023,1,0
retiro,2025,2,0
salamanca,2016,1,1
salamanca,2021,2,2
salamanca,2022,1,0
salamanca,2023,1,1
salamanca,2024,1,0
salamanca,2025,2,0
salamanca_ciudad_lineal,2025,1,0
san_blas_canillejas,2019,1,1
san_blas_canillejas,2020,2,2
san_blas_canillejas,2021,2,1
san_blas_canillejas,2022,1,0
san_blas_canillejas,2024,3,0
san_blas_canillejas,2025,3,0
tetuan,2020,1,1
tetuan,2021,4,2
tetuan,2022,2,2
tetuan,2024,1,0
tetuan,2025,3,0
usera,2021,2,1
usera,2022,3,1
usera,2023,4,3
usera,2024,4,0
usera,2025,3,0
vicalvaro,2008,1,0
vicalvaro,2010,1,0
vicalvaro,2015,1,0
vicalvaro,2017,1,1
vicalvaro,2019,8,5
vicalvaro,2020,6,1
vicalvaro,2021,2,0
vicalvaro,2022,1,0
vicalvaro,2023,3,2
vicalvaro,2024,2,0
vicalvaro,2025,7,0
villa_de_vallecas,2010,1,0
villa_de_vallecas,2019,5,4
villa_de_vallecas,2020,4,4
villa_de_vallecas,2021,4,2
villa_de_vallecas,2022,3,1
villa_de_vallecas,2023,5,0
villa_de_vallecas,2024,7,0
villa_de_vallecas,2025,4,0
villa_de_vallecas,2026,1,0
villa_de_vallecas_vicalvaro,2024,1,0
villaverde,2017,1,1
villaverde,2019,2,1
villaverde,2020,1,1
villaverde,2021,5,2
villaverde,2022,2,2
villaverde,2023,1,0
villaverde,2024,2,0
villaverde,2025,3,0
villaverde,2026,1,0
