﻿Distrito;Total;anyo;Mes
CENTRO;140790;2011;3
ARGANZUELA;154242;2011;3
RETIRO;121902;2011;3
SALAMANCA;146693;2011;3
CHAMARTÍN;145789;2011;3
TETUÁN;155954;2011;3
CHAMBERÍ;142763;2011;3
FUENCARRAL - EL PARDO;232182;2011;3
MONCLOA - ARAVACA;117945;2011;3
LATINA;249552;2011;3
CARABANCHEL;253188;2011;3
USERA;139761;2011;3
PUENTE DE VALLECAS;240135;2011;3
MORATALAZ;100796;2011;3
CIUDAD LINEAL;224659;2011;3
HORTALEZA;174865;2011;3
VILLAVERDE;147860;2011;3
VILLA DE VALLECAS;92348;2011;3
VICÁLVARO;70463;2011;3
SAN BLAS-CANILLEJAS;156520;2011;3
BARAJAS;46046;2011;3
CENTRO;140721;2011;4
ARGANZUELA;154303;2011;4
RETIRO;121854;2011;4
SALAMANCA;146811;2011;4
CHAMARTÍN;145897;2011;4
TETUÁN;155945;2011;4
CHAMBERÍ;142689;2011;4
FUENCARRAL - EL PARDO;232541;2011;4
MONCLOA - ARAVACA;117927;2011;4
LATINA;249390;2011;4
CARABANCHEL;253051;2011;4
USERA;139650;2011;4
PUENTE DE VALLECAS;240007;2011;4
MORATALAZ;100779;2011;4
CIUDAD LINEAL;224651;2011;4
HORTALEZA;174985;2011;4
VILLAVERDE;147860;2011;4
VILLA DE VALLECAS;92753;2011;4
VICÁLVARO;70506;2011;4
SAN BLAS-CANILLEJAS;156567;2011;4
BARAJAS;46116;2011;4
CENTRO;140820;2011;5
ARGANZUELA;154320;2011;5
RETIRO;121814;2011;5
SALAMANCA;146717;2011;5
CHAMARTÍN;145731;2011;5
TETUÁN;156198;2011;5
CHAMBERÍ;142678;2011;5
FUENCARRAL - EL PARDO;232832;2011;5
MONCLOA - ARAVACA;117920;2011;5
LATINA;249104;2011;5
CARABANCHEL;253090;2011;5
USERA;139719;2011;5
PUENTE DE VALLECAS;239988;2011;5
MORATALAZ;100786;2011;5
CIUDAD LINEAL;224528;2011;5
HORTALEZA;175073;2011;5
VILLAVERDE;147946;2011;5
VILLA DE VALLECAS;93060;2011;5
VICÁLVARO;70563;2011;5
SAN BLAS-CANILLEJAS;156623;2011;5
BARAJAS;46164;2011;5
CENTRO;141004;2011;6
ARGANZUELA;154414;2011;6
RETIRO;121853;2011;6
SALAMANCA;146850;2011;6
CHAMARTÍN;145758;2011;6
TETUÁN;156118;2011;6
CHAMBERÍ;142608;2011;6
FUENCARRAL - EL PARDO;233025;2011;6
MONCLOA - ARAVACA;117867;2011;6
LATINA;249080;2011;6
CARABANCHEL;253113;2011;6
USERA;139724;2011;6
PUENTE DE VALLECAS;239868;2011;6
MORATALAZ;100674;2011;6
CIUDAD LINEAL;224602;2011;6
HORTALEZA;175284;2011;6
VILLAVERDE;147899;2011;6
VILLA DE VALLECAS;93626;2011;6
VICÁLVARO;70705;2011;6
SAN BLAS-CANILLEJAS;156718;2011;6
BARAJAS;46245;2011;6
CENTRO;140869;2011;7
ARGANZUELA;154447;2011;7
RETIRO;121667;2011;7
SALAMANCA;146708;2011;7
CHAMARTÍN;145737;2011;7
TETUÁN;156048;2011;7
CHAMBERÍ;142361;2011;7
FUENCARRAL - EL PARDO;232998;2011;7
MONCLOA - ARAVACA;117726;2011;7
LATINA;248827;2011;7
CARABANCHEL;252773;2011;7
USERA;139411;2011;7
PUENTE DE VALLECAS;239691;2011;7
MORATALAZ;100553;2011;7
CIUDAD LINEAL;224453;2011;7
HORTALEZA;175202;2011;7
VILLAVERDE;147835;2011;7
VILLA DE VALLECAS;93918;2011;7
VICÁLVARO;70744;2011;7
SAN BLAS-CANILLEJAS;156747;2011;7
BARAJAS;46235;2011;7
CENTRO;141008;2011;8
ARGANZUELA;154482;2011;8
RETIRO;121647;2011;8
SALAMANCA;146665;2011;8
CHAMARTÍN;145756;2011;8
TETUÁN;156205;2011;8
CHAMBERÍ;142177;2011;8
FUENCARRAL - EL PARDO;233169;2011;8
MONCLOA - ARAVACA;117676;2011;8
LATINA;248782;2011;8
CARABANCHEL;252741;2011;8
USERA;139351;2011;8
PUENTE DE VALLECAS;239930;2011;8
MORATALAZ;100478;2011;8
CIUDAD LINEAL;224447;2011;8
HORTALEZA;175473;2011;8
VILLAVERDE;147903;2011;8
VILLA DE VALLECAS;94218;2011;8
VICÁLVARO;70921;2011;8
SAN BLAS-CANILLEJAS;156793;2011;8
BARAJAS;46294;2011;8
CENTRO;141314;2011;9
ARGANZUELA;154668;2011;9
RETIRO;121776;2011;9
SALAMANCA;147005;2011;9
CHAMARTÍN;145967;2011;9
TETUÁN;156570;2011;9
CHAMBERÍ;142288;2011;9
FUENCARRAL - EL PARDO;233684;2011;9
MONCLOA - ARAVACA;117896;2011;9
LATINA;248721;2011;9
CARABANCHEL;252797;2011;9
USERA;139293;2011;9
PUENTE DE VALLECAS;240073;2011;9
MORATALAZ;100459;2011;9
CIUDAD LINEAL;224428;2011;9
HORTALEZA;175801;2011;9
VILLAVERDE;147874;2011;9
VILLA DE VALLECAS;94646;2011;9
VICÁLVARO;71062;2011;9
SAN BLAS-CANILLEJAS;156895;2011;9
BARAJAS;46348;2011;9
CENTRO;140861;2011;10
ARGANZUELA;154414;2011;10
RETIRO;121628;2011;10
SALAMANCA;146825;2011;10
CHAMARTÍN;145837;2011;10
TETUÁN;156341;2011;10
CHAMBERÍ;142162;2011;10
FUENCARRAL - EL PARDO;233515;2011;10
MONCLOA - ARAVACA;117671;2011;10
LATINA;248047;2011;10
CARABANCHEL;251982;2011;10
USERA;138855;2011;10
PUENTE DE VALLECAS;238874;2011;10
MORATALAZ;100209;2011;10
CIUDAD LINEAL;223576;2011;10
HORTALEZA;175468;2011;10
VILLAVERDE;147188;2011;10
VILLA DE VALLECAS;94793;2011;10
VICÁLVARO;70971;2011;10
SAN BLAS-CANILLEJAS;156512;2011;10
BARAJAS;46292;2011;10
CENTRO;140755;2011;11
ARGANZUELA;154452;2011;11
RETIRO;121614;2011;11
SALAMANCA;146746;2011;11
CHAMARTÍN;145700;2011;11
TETUÁN;156508;2011;11
CHAMBERÍ;142101;2011;11
FUENCARRAL - EL PARDO;233410;2011;11
MONCLOA - ARAVACA;117576;2011;11
LATINA;247778;2011;11
CARABANCHEL;251923;2011;11
USERA;138750;2011;11
PUENTE DE VALLECAS;238703;2011;11
MORATALAZ;100197;2011;11
CIUDAD LINEAL;223388;2011;11
HORTALEZA;175415;2011;11
VILLAVERDE;147128;2011;11
VILLA DE VALLECAS;94989;2011;11
VICÁLVARO;71006;2011;11
SAN BLAS-CANILLEJAS;156543;2011;11
BARAJAS;46300;2011;11
CENTRO;140761;2011;12
ARGANZUELA;154431;2011;12
RETIRO;121548;2011;12
SALAMANCA;146660;2011;12
CHAMARTÍN;145719;2011;12
TETUÁN;156451;2011;12
CHAMBERÍ;142068;2011;12
FUENCARRAL - EL PARDO;233422;2011;12
MONCLOA - ARAVACA;117580;2011;12
LATINA;247426;2011;12
CARABANCHEL;251696;2011;12
USERA;138640;2011;12
PUENTE DE VALLECAS;238453;2011;12
MORATALAZ;100069;2011;12
CIUDAD LINEAL;223323;2011;12
HORTALEZA;175202;2011;12
VILLAVERDE;146958;2011;12
VILLA DE VALLECAS;95152;2011;12
VICÁLVARO;70925;2011;12
SAN BLAS-CANILLEJAS;156491;2011;12
BARAJAS;46321;2011;12
CENTRO;140930;2012;1
ARGANZUELA;154805;2012;1
RETIRO;121815;2012;1
SALAMANCA;146935;2012;1
CHAMARTÍN;146067;2012;1
TETUÁN;156798;2012;1
CHAMBERÍ;142268;2012;1
FUENCARRAL - EL PARDO;234019;2012;1
MONCLOA - ARAVACA;117698;2012;1
LATINA;247538;2012;1
CARABANCHEL;251949;2012;1
USERA;138591;2012;1
PUENTE DE VALLECAS;238667;2012;1
MORATALAZ;100084;2012;1
CIUDAD LINEAL;223449;2012;1
HORTALEZA;175435;2012;1
VILLAVERDE;146968;2012;1
VILLA DE VALLECAS;95620;2012;1
VICÁLVARO;70970;2012;1
SAN BLAS-CANILLEJAS;156706;2012;1
BARAJAS;46423;2012;1
CENTRO;141083;2012;2
ARGANZUELA;155056;2012;2
RETIRO;121839;2012;2
SALAMANCA;146984;2012;2
CHAMARTÍN;146182;2012;2
TETUÁN;156984;2012;2
CHAMBERÍ;142289;2012;2
FUENCARRAL - EL PARDO;234349;2012;2
MONCLOA - ARAVACA;117771;2012;2
LATINA;247450;2012;2
CARABANCHEL;252326;2012;2
USERA;138555;2012;2
PUENTE DE VALLECAS;238796;2012;2
MORATALAZ;99978;2012;2
CIUDAD LINEAL;223511;2012;2
HORTALEZA;175637;2012;2
VILLAVERDE;146957;2012;2
VILLA DE VALLECAS;95797;2012;2
VICÁLVARO;71019;2012;2
SAN BLAS-CANILLEJAS;156669;2012;2
BARAJAS;46432;2012;2
CENTRO;141147;2012;3
ARGANZUELA;155107;2012;3
RETIRO;121709;2012;3
SALAMANCA;147058;2012;3
CHAMARTÍN;146188;2012;3
TETUÁN;157148;2012;3
CHAMBERÍ;142244;2012;3
FUENCARRAL - EL PARDO;234526;2012;3
MONCLOA - ARAVACA;117760;2012;3
LATINA;247359;2012;3
CARABANCHEL;252166;2012;3
USERA;138608;2012;3
PUENTE DE VALLECAS;238615;2012;3
MORATALAZ;99945;2012;3
CIUDAD LINEAL;223454;2012;3
HORTALEZA;175779;2012;3
VILLAVERDE;147059;2012;3
VILLA DE VALLECAS;95964;2012;3
VICÁLVARO;71019;2012;3
SAN BLAS-CANILLEJAS;156605;2012;3
BARAJAS;46439;2012;3
CENTRO;141396;2012;4
ARGANZUELA;155309;2012;4
RETIRO;121838;2012;4
SALAMANCA;147276;2012;4
CHAMARTÍN;146503;2012;4
TETUÁN;157563;2012;4
CHAMBERÍ;142515;2012;4
FUENCARRAL - EL PARDO;235250;2012;4
MONCLOA - ARAVACA;118023;2012;4
LATINA;247921;2012;4
CARABANCHEL;252500;2012;4
USERA;138716;2012;4
PUENTE DE VALLECAS;238334;2012;4
MORATALAZ;99830;2012;4
CIUDAD LINEAL;223494;2012;4
HORTALEZA;175788;2012;4
VILLAVERDE;147290;2012;4
VILLA DE VALLECAS;96469;2012;4
VICÁLVARO;71166;2012;4
SAN BLAS-CANILLEJAS;156951;2012;4
BARAJAS;46650;2012;4
CENTRO;140765;2012;5
ARGANZUELA;154909;2012;5
RETIRO;121511;2012;5
SALAMANCA;146856;2012;5
CHAMARTÍN;146163;2012;5
TETUÁN;157023;2012;5
CHAMBERÍ;142046;2012;5
FUENCARRAL - EL PARDO;234744;2012;5
MONCLOA - ARAVACA;117740;2012;5
LATINA;247185;2012;5
CARABANCHEL;251694;2012;5
USERA;138171;2012;5
PUENTE DE VALLECAS;237572;2012;5
MORATALAZ;99536;2012;5
CIUDAD LINEAL;222895;2012;5
HORTALEZA;175481;2012;5
VILLAVERDE;146808;2012;5
VILLA DE VALLECAS;96485;2012;5
VICÁLVARO;70913;2012;5
SAN BLAS-CANILLEJAS;156696;2012;5
BARAJAS;46559;2012;5
CENTRO;140214;2012;6
ARGANZUELA;154667;2012;6
RETIRO;121187;2012;6
SALAMANCA;146460;2012;6
CHAMARTÍN;145739;2012;6
TETUÁN;156512;2012;6
CHAMBERÍ;141602;2012;6
FUENCARRAL - EL PARDO;234355;2012;6
MONCLOA - ARAVACA;117361;2012;6
LATINA;246469;2012;6
CARABANCHEL;250882;2012;6
USERA;137720;2012;6
PUENTE DE VALLECAS;236863;2012;6
MORATALAZ;99271;2012;6
CIUDAD LINEAL;222144;2012;6
HORTALEZA;175071;2012;6
VILLAVERDE;146322;2012;6
VILLA DE VALLECAS;96596;2012;6
VICÁLVARO;70777;2012;6
SAN BLAS-CANILLEJAS;156459;2012;6
BARAJAS;46430;2012;6
CENTRO;140261;2012;7
ARGANZUELA;154961;2012;7
RETIRO;121282;2012;7
SALAMANCA;146592;2012;7
CHAMARTÍN;145870;2012;7
TETUÁN;156843;2012;7
CHAMBERÍ;141774;2012;7
FUENCARRAL - EL PARDO;234828;2012;7
MONCLOA - ARAVACA;117599;2012;7
LATINA;246597;2012;7
CARABANCHEL;251261;2012;7
USERA;137902;2012;7
PUENTE DE VALLECAS;237167;2012;7
MORATALAZ;99386;2012;7
CIUDAD LINEAL;222368;2012;7
HORTALEZA;175425;2012;7
VILLAVERDE;146665;2012;7
VILLA DE VALLECAS;96878;2012;7
VICÁLVARO;70878;2012;7
SAN BLAS-CANILLEJAS;156792;2012;7
BARAJAS;46459;2012;7
CENTRO;140136;2012;8
ARGANZUELA;154957;2012;8
RETIRO;121196;2012;8
SALAMANCA;146575;2012;8
CHAMARTÍN;145794;2012;8
TETUÁN;156922;2012;8
CHAMBERÍ;141698;2012;8
FUENCARRAL - EL PARDO;235022;2012;8
MONCLOA - ARAVACA;117548;2012;8
LATINA;246340;2012;8
CARABANCHEL;251202;2012;8
USERA;138006;2012;8
PUENTE DE VALLECAS;237172;2012;8
MORATALAZ;99212;2012;8
CIUDAD LINEAL;222263;2012;8
HORTALEZA;175489;2012;8
VILLAVERDE;146712;2012;8
VILLA DE VALLECAS;97198;2012;8
VICÁLVARO;70977;2012;8
SAN BLAS-CANILLEJAS;156874;2012;8
BARAJAS;46502;2012;8
CENTRO;140217;2012;9
ARGANZUELA;155179;2012;9
RETIRO;121155;2012;9
SALAMANCA;146715;2012;9
CHAMARTÍN;145867;2012;9
TETUÁN;157015;2012;9
CHAMBERÍ;141887;2012;9
FUENCARRAL - EL PARDO;235253;2012;9
MONCLOA - ARAVACA;117756;2012;9
LATINA;246229;2012;9
CARABANCHEL;251112;2012;9
USERA;137923;2012;9
PUENTE DE VALLECAS;236972;2012;9
MORATALAZ;99121;2012;9
CIUDAD LINEAL;222205;2012;9
HORTALEZA;175575;2012;9
VILLAVERDE;146508;2012;9
VILLA DE VALLECAS;97457;2012;9
VICÁLVARO;71079;2012;9
SAN BLAS-CANILLEJAS;156941;2012;9
BARAJAS;46542;2012;9
CENTRO;139212;2012;10
ARGANZUELA;154717;2012;10
RETIRO;120789;2012;10
SALAMANCA;146425;2012;10
CHAMARTÍN;145113;2012;10
TETUÁN;156549;2012;10
CHAMBERÍ;141802;2012;10
FUENCARRAL - EL PARDO;234364;2012;10
MONCLOA - ARAVACA;117569;2012;10
LATINA;245062;2012;10
CARABANCHEL;248829;2012;10
USERA;136521;2012;10
PUENTE DE VALLECAS;234622;2012;10
MORATALAZ;98553;2012;10
CIUDAD LINEAL;220131;2012;10
HORTALEZA;174616;2012;10
VILLAVERDE;144961;2012;10
VILLA DE VALLECAS;97252;2012;10
VICÁLVARO;70573;2012;10
SAN BLAS-CANILLEJAS;156221;2012;10
BARAJAS;46230;2012;10
CENTRO;139066;2012;11
ARGANZUELA;154583;2012;11
RETIRO;120813;2012;11
SALAMANCA;146317;2012;11
CHAMARTÍN;145181;2012;11
TETUÁN;156397;2012;11
CHAMBERÍ;141817;2012;11
FUENCARRAL - EL PARDO;234412;2012;11
MONCLOA - ARAVACA;117600;2012;11
LATINA;244802;2012;11
CARABANCHEL;248775;2012;11
USERA;136638;2012;11
PUENTE DE VALLECAS;234430;2012;11
MORATALAZ;98408;2012;11
CIUDAD LINEAL;220030;2012;11
HORTALEZA;174530;2012;11
VILLAVERDE;144945;2012;11
VILLA DE VALLECAS;97485;2012;11
VICÁLVARO;70591;2012;11
SAN BLAS-CANILLEJAS;156147;2012;11
BARAJAS;46176;2012;11
CENTRO;139044;2012;12
ARGANZUELA;154666;2012;12
RETIRO;120671;2012;12
SALAMANCA;146296;2012;12
CHAMARTÍN;145141;2012;12
TETUÁN;156333;2012;12
CHAMBERÍ;141786;2012;12
FUENCARRAL - EL PARDO;234498;2012;12
MONCLOA - ARAVACA;117632;2012;12
LATINA;244493;2012;12
CARABANCHEL;248438;2012;12
USERA;136624;2012;12
PUENTE DE VALLECAS;234159;2012;12
MORATALAZ;98333;2012;12
CIUDAD LINEAL;219830;2012;12
HORTALEZA;174499;2012;12
VILLAVERDE;144874;2012;12
VILLA DE VALLECAS;97668;2012;12
VICÁLVARO;70557;2012;12
SAN BLAS-CANILLEJAS;156052;2012;12
BARAJAS;46206;2012;12
CENTRO;139410;2013;1
ARGANZUELA;154862;2013;1
RETIRO;120810;2013;1
SALAMANCA;146568;2013;1
CHAMARTÍN;145449;2013;1
TETUÁN;156487;2013;1
CHAMBERÍ;141881;2013;1
FUENCARRAL - EL PARDO;234920;2013;1
MONCLOA - ARAVACA;117670;2013;1
LATINA;244438;2013;1
CARABANCHEL;248738;2013;1
USERA;136631;2013;1
PUENTE DE VALLECAS;234251;2013;1
MORATALAZ;98385;2013;1
CIUDAD LINEAL;219928;2013;1
HORTALEZA;174655;2013;1
VILLAVERDE;144930;2013;1
VILLA DE VALLECAS;98060;2013;1
VICÁLVARO;70679;2013;1
SAN BLAS-CANILLEJAS;156092;2013;1
BARAJAS;46265;2013;1
CENTRO;139077;2013;2
ARGANZUELA;154647;2013;2
RETIRO;120638;2013;2
SALAMANCA;146317;2013;2
CHAMARTÍN;145172;2013;2
TETUÁN;156245;2013;2
CHAMBERÍ;141642;2013;2
FUENCARRAL - EL PARDO;234705;2013;2
MONCLOA - ARAVACA;117519;2013;2
LATINA;243964;2013;2
CARABANCHEL;248265;2013;2
USERA;136550;2013;2
PUENTE DE VALLECAS;233929;2013;2
MORATALAZ;98240;2013;2
CIUDAD LINEAL;219461;2013;2
HORTALEZA;174559;2013;2
VILLAVERDE;144768;2013;2
VILLA DE VALLECAS;98253;2013;2
VICÁLVARO;70537;2013;2
SAN BLAS-CANILLEJAS;155923;2013;2
BARAJAS;46312;2013;2
CENTRO;137287;2013;3
ARGANZUELA;153583;2013;3
RETIRO;120034;2013;3
SALAMANCA;145202;2013;3
CHAMARTÍN;144246;2013;3
TETUÁN;154769;2013;3
CHAMBERÍ;140663;2013;3
FUENCARRAL - EL PARDO;233706;2013;3
MONCLOA - ARAVACA;117006;2013;3
LATINA;242412;2013;3
CARABANCHEL;246374;2013;3
USERA;135447;2013;3
PUENTE DE VALLECAS;232082;2013;3
MORATALAZ;97749;2013;3
CIUDAD LINEAL;218051;2013;3
HORTALEZA;173726;2013;3
VILLAVERDE;143776;2013;3
VILLA DE VALLECAS;98127;2013;3
VICÁLVARO;70259;2013;3
SAN BLAS-CANILLEJAS;155258;2013;3
BARAJAS;46065;2013;3
CENTRO;137358;2013;4
ARGANZUELA;153682;2013;4
RETIRO;120100;2013;4
SALAMANCA;145396;2013;4
CHAMARTÍN;144331;2013;4
TETUÁN;154909;2013;4
CHAMBERÍ;140860;2013;4
FUENCARRAL - EL PARDO;234027;2013;4
MONCLOA - ARAVACA;117145;2013;4
LATINA;242799;2013;4
CARABANCHEL;246863;2013;4
USERA;135826;2013;4
PUENTE DE VALLECAS;232444;2013;4
MORATALAZ;97718;2013;4
CIUDAD LINEAL;218165;2013;4
HORTALEZA;173971;2013;4
VILLAVERDE;144167;2013;4
VILLA DE VALLECAS;98501;2013;4
VICÁLVARO;70301;2013;4
SAN BLAS-CANILLEJAS;155396;2013;4
BARAJAS;46118;2013;4
CENTRO;136752;2013;5
ARGANZUELA;153249;2013;5
RETIRO;119946;2013;5
SALAMANCA;144844;2013;5
CHAMARTÍN;144160;2013;5
TETUÁN;154196;2013;5
CHAMBERÍ;140551;2013;5
FUENCARRAL - EL PARDO;233917;2013;5
MONCLOA - ARAVACA;117005;2013;5
LATINA;242307;2013;5
CARABANCHEL;246235;2013;5
USERA;135468;2013;5
PUENTE DE VALLECAS;231946;2013;5
MORATALAZ;97512;2013;5
CIUDAD LINEAL;217569;2013;5
HORTALEZA;173806;2013;5
VILLAVERDE;143953;2013;5
VILLA DE VALLECAS;98652;2013;5
VICÁLVARO;70236;2013;5
SAN BLAS-CANILLEJAS;155125;2013;5
BARAJAS;46053;2013;5
CENTRO;136669;2013;6
ARGANZUELA;153241;2013;6
RETIRO;119811;2013;6
SALAMANCA;144899;2013;6
CHAMARTÍN;144049;2013;6
TETUÁN;154173;2013;6
CHAMBERÍ;140300;2013;6
FUENCARRAL - EL PARDO;233909;2013;6
MONCLOA - ARAVACA;116895;2013;6
LATINA;242167;2013;6
CARABANCHEL;246204;2013;6
USERA;135486;2013;6
PUENTE DE VALLECAS;231762;2013;6
MORATALAZ;97372;2013;6
CIUDAD LINEAL;217407;2013;6
HORTALEZA;173770;2013;6
VILLAVERDE;143868;2013;6
VILLA DE VALLECAS;98726;2013;6
VICÁLVARO;70211;2013;6
SAN BLAS-CANILLEJAS;155128;2013;6
BARAJAS;46062;2013;6
CENTRO;135176;2013;7
ARGANZUELA;152366;2013;7
RETIRO;119423;2013;7
SALAMANCA;143949;2013;7
CHAMARTÍN;143376;2013;7
TETUÁN;153087;2013;7
CHAMBERÍ;139468;2013;7
FUENCARRAL - EL PARDO;233100;2013;7
MONCLOA - ARAVACA;116209;2013;7
LATINA;240508;2013;7
CARABANCHEL;244355;2013;7
USERA;134517;2013;7
PUENTE DE VALLECAS;230296;2013;7
MORATALAZ;96788;2013;7
CIUDAD LINEAL;216121;2013;7
HORTALEZA;173162;2013;7
VILLAVERDE;143073;2013;7
VILLA DE VALLECAS;98291;2013;7
VICÁLVARO;69872;2013;7
SAN BLAS-CANILLEJAS;154401;2013;7
BARAJAS;45839;2013;7
CENTRO;135148;2013;8
ARGANZUELA;152293;2013;8
RETIRO;119258;2013;8
SALAMANCA;143826;2013;8
CHAMARTÍN;143357;2013;8
TETUÁN;153226;2013;8
CHAMBERÍ;139326;2013;8
FUENCARRAL - EL PARDO;233171;2013;8
MONCLOA - ARAVACA;116083;2013;8
LATINA;240256;2013;8
CARABANCHEL;244244;2013;8
USERA;134526;2013;8
PUENTE DE VALLECAS;230409;2013;8
MORATALAZ;96842;2013;8
CIUDAD LINEAL;216116;2013;8
HORTALEZA;173195;2013;8
VILLAVERDE;143182;2013;8
VILLA DE VALLECAS;98459;2013;8
VICÁLVARO;69973;2013;8
SAN BLAS-CANILLEJAS;154386;2013;8
BARAJAS;45858;2013;8
CENTRO;135594;2013;9
ARGANZUELA;152589;2013;9
RETIRO;119395;2013;9
SALAMANCA;144068;2013;9
CHAMARTÍN;143525;2013;9
TETUÁN;153529;2013;9
CHAMBERÍ;139614;2013;9
FUENCARRAL - EL PARDO;233620;2013;9
MONCLOA - ARAVACA;116361;2013;9
LATINA;240417;2013;9
CARABANCHEL;244647;2013;9
USERA;134813;2013;9
PUENTE DE VALLECAS;230908;2013;9
MORATALAZ;96843;2013;9
CIUDAD LINEAL;216442;2013;9
HORTALEZA;173594;2013;9
VILLAVERDE;143396;2013;9
VILLA DE VALLECAS;98761;2013;9
VICÁLVARO;70051;2013;9
SAN BLAS-CANILLEJAS;154560;2013;9
BARAJAS;45894;2013;9
CENTRO;135472;2013;10
ARGANZUELA;152314;2013;10
RETIRO;119343;2013;10
SALAMANCA;144139;2013;10
CHAMARTÍN;143301;2013;10
TETUÁN;153277;2013;10
CHAMBERÍ;139508;2013;10
FUENCARRAL - EL PARDO;233464;2013;10
MONCLOA - ARAVACA;116307;2013;10
LATINA;239720;2013;10
CARABANCHEL;244292;2013;10
USERA;134458;2013;10
PUENTE DE VALLECAS;230125;2013;10
MORATALAZ;96716;2013;10
CIUDAD LINEAL;215902;2013;10
HORTALEZA;173385;2013;10
VILLAVERDE;142983;2013;10
VILLA DE VALLECAS;98822;2013;10
VICÁLVARO;69972;2013;10
SAN BLAS-CANILLEJAS;154190;2013;10
BARAJAS;45806;2013;10
CENTRO;135183;2013;11
ARGANZUELA;152094;2013;11
RETIRO;119197;2013;11
SALAMANCA;144052;2013;11
CHAMARTÍN;143153;2013;11
TETUÁN;153029;2013;11
CHAMBERÍ;139250;2013;11
FUENCARRAL - EL PARDO;233322;2013;11
MONCLOA - ARAVACA;116217;2013;11
LATINA;239246;2013;11
CARABANCHEL;243937;2013;11
USERA;134352;2013;11
PUENTE DE VALLECAS;229743;2013;11
MORATALAZ;96546;2013;11
CIUDAD LINEAL;215274;2013;11
HORTALEZA;173128;2013;11
VILLAVERDE;142746;2013;11
VILLA DE VALLECAS;98890;2013;11
VICÁLVARO;69899;2013;11
SAN BLAS-CANILLEJAS;153928;2013;11
BARAJAS;45778;2013;11
CENTRO;134937;2013;12
ARGANZUELA;152052;2013;12
RETIRO;119148;2013;12
SALAMANCA;144095;2013;12
CHAMARTÍN;143124;2013;12
TETUÁN;153143;2013;12
CHAMBERÍ;139176;2013;12
FUENCARRAL - EL PARDO;233198;2013;12
MONCLOA - ARAVACA;116147;2013;12
LATINA;238858;2013;12
CARABANCHEL;243573;2013;12
USERA;134154;2013;12
PUENTE DE VALLECAS;229508;2013;12
MORATALAZ;96471;2013;12
CIUDAD LINEAL;214974;2013;12
HORTALEZA;173122;2013;12
VILLAVERDE;142502;2013;12
VILLA DE VALLECAS;98933;2013;12
VICÁLVARO;69884;2013;12
SAN BLAS-CANILLEJAS;153788;2013;12
BARAJAS;45721;2013;12
CENTRO;134319;2014;1
ARGANZUELA;151677;2014;1
RETIRO;118996;2014;1
SALAMANCA;143624;2014;1
CHAMARTÍN;142968;2014;1
TETUÁN;152578;2014;1
CHAMBERÍ;138875;2014;1
FUENCARRAL - EL PARDO;232996;2014;1
MONCLOA - ARAVACA;115859;2014;1
LATINA;237995;2014;1
CARABANCHEL;242717;2014;1
USERA;133571;2014;1
PUENTE DE VALLECAS;228729;2014;1
MORATALAZ;96296;2014;1
CIUDAD LINEAL;214163;2014;1
HORTALEZA;172917;2014;1
VILLAVERDE;142085;2014;1
VILLA DE VALLECAS;98934;2014;1
VICÁLVARO;69724;2014;1
SAN BLAS-CANILLEJAS;153396;2014;1
BARAJAS;45661;2014;1
CENTRO;133963;2014;2
ARGANZUELA;151624;2014;2
RETIRO;118839;2014;2
SALAMANCA;143532;2014;2
CHAMARTÍN;142835;2014;2
TETUÁN;152532;2014;2
CHAMBERÍ;138601;2014;2
FUENCARRAL - EL PARDO;233064;2014;2
MONCLOA - ARAVACA;115817;2014;2
LATINA;237733;2014;2
CARABANCHEL;242750;2014;2
USERA;133532;2014;2
PUENTE DE VALLECAS;228706;2014;2
MORATALAZ;96172;2014;2
CIUDAD LINEAL;213956;2014;2
HORTALEZA;173142;2014;2
VILLAVERDE;142103;2014;2
VILLA DE VALLECAS;99029;2014;2
VICÁLVARO;69650;2014;2
SAN BLAS-CANILLEJAS;153404;2014;2
BARAJAS;45633;2014;2
CENTRO;134195;2014;3
ARGANZUELA;151826;2014;3
RETIRO;118987;2014;3
SALAMANCA;143712;2014;3
CHAMARTÍN;142947;2014;3
TETUÁN;152808;2014;3
CHAMBERÍ;138841;2014;3
FUENCARRAL - EL PARDO;233708;2014;3
MONCLOA - ARAVACA;116014;2014;3
LATINA;237844;2014;3
CARABANCHEL;243139;2014;3
USERA;133753;2014;3
PUENTE DE VALLECAS;228872;2014;3
MORATALAZ;96158;2014;3
CIUDAD LINEAL;214347;2014;3
HORTALEZA;173576;2014;3
VILLAVERDE;142382;2014;3
VILLA DE VALLECAS;99176;2014;3
VICÁLVARO;69838;2014;3
SAN BLAS-CANILLEJAS;153568;2014;3
BARAJAS;45735;2014;3
CENTRO;133329;2014;4
ARGANZUELA;151473;2014;4
RETIRO;118862;2014;4
SALAMANCA;143504;2014;4
CHAMARTÍN;142773;2014;4
TETUÁN;152375;2014;4
CHAMBERÍ;138533;2014;4
FUENCARRAL - EL PARDO;233816;2014;4
MONCLOA - ARAVACA;115826;2014;4
LATINA;237398;2014;4
CARABANCHEL;242706;2014;4
USERA;133485;2014;4
PUENTE DE VALLECAS;228375;2014;4
MORATALAZ;95984;2014;4
CIUDAD LINEAL;214064;2014;4
HORTALEZA;173672;2014;4
VILLAVERDE;142190;2014;4
VILLA DE VALLECAS;99218;2014;4
VICÁLVARO;69772;2014;4
SAN BLAS-CANILLEJAS;153440;2014;4
BARAJAS;45744;2014;4
CENTRO;132684;2014;5
ARGANZUELA;151272;2014;5
RETIRO;118799;2014;5
SALAMANCA;143260;2014;5
CHAMARTÍN;142463;2014;5
TETUÁN;152094;2014;5
CHAMBERÍ;138370;2014;5
FUENCARRAL - EL PARDO;233726;2014;5
MONCLOA - ARAVACA;115861;2014;5
LATINA;237066;2014;5
CARABANCHEL;242571;2014;5
USERA;133451;2014;5
PUENTE DE VALLECAS;228226;2014;5
MORATALAZ;95785;2014;5
CIUDAD LINEAL;213956;2014;5
HORTALEZA;173822;2014;5
VILLAVERDE;142090;2014;5
VILLA DE VALLECAS;99275;2014;5
VICÁLVARO;69789;2014;5
SAN BLAS-CANILLEJAS;153363;2014;5
BARAJAS;45776;2014;5
CENTRO;132356;2014;6
ARGANZUELA;151146;2014;6
RETIRO;118685;2014;6
SALAMANCA;143093;2014;6
CHAMARTÍN;142290;2014;6
TETUÁN;151921;2014;6
CHAMBERÍ;138147;2014;6
FUENCARRAL - EL PARDO;233744;2014;6
MONCLOA - ARAVACA;115719;2014;6
LATINA;236798;2014;6
CARABANCHEL;242366;2014;6
USERA;133367;2014;6
PUENTE DE VALLECAS;227939;2014;6
MORATALAZ;95728;2014;6
CIUDAD LINEAL;213842;2014;6
HORTALEZA;173866;2014;6
VILLAVERDE;142052;2014;6
VILLA DE VALLECAS;99346;2014;6
VICÁLVARO;69741;2014;6
SAN BLAS-CANILLEJAS;153240;2014;6
BARAJAS;45758;2014;6
CENTRO;131841;2014;7
ARGANZUELA;150786;2014;7
RETIRO;118415;2014;7
SALAMANCA;142746;2014;7
CHAMARTÍN;141908;2014;7
TETUÁN;151470;2014;7
CHAMBERÍ;137792;2014;7
FUENCARRAL - EL PARDO;233541;2014;7
MONCLOA - ARAVACA;115778;2014;7
LATINA;236126;2014;7
CARABANCHEL;241729;2014;7
USERA;133018;2014;7
PUENTE DE VALLECAS;227418;2014;7
MORATALAZ;95560;2014;7
CIUDAD LINEAL;213381;2014;7
HORTALEZA;173771;2014;7
VILLAVERDE;141687;2014;7
VILLA DE VALLECAS;99306;2014;7
VICÁLVARO;69580;2014;7
SAN BLAS-CANILLEJAS;153027;2014;7
BARAJAS;45727;2014;7
CENTRO;131939;2014;8
ARGANZUELA;150770;2014;8
RETIRO;118383;2014;8
SALAMANCA;142749;2014;8
CHAMARTÍN;141891;2014;8
TETUÁN;151633;2014;8
CHAMBERÍ;137779;2014;8
FUENCARRAL - EL PARDO;233551;2014;8
MONCLOA - ARAVACA;115806;2014;8
LATINA;235900;2014;8
CARABANCHEL;241779;2014;8
USERA;133181;2014;8
PUENTE DE VALLECAS;227493;2014;8
MORATALAZ;95549;2014;8
CIUDAD LINEAL;213330;2014;8
HORTALEZA;174152;2014;8
VILLAVERDE;141772;2014;8
VILLA DE VALLECAS;99434;2014;8
VICÁLVARO;69659;2014;8
SAN BLAS-CANILLEJAS;153028;2014;8
BARAJAS;45757;2014;8
CENTRO;132348;2014;9
ARGANZUELA;151090;2014;9
RETIRO;118548;2014;9
SALAMANCA;143198;2014;9
CHAMARTÍN;142048;2014;9
TETUÁN;151834;2014;9
CHAMBERÍ;138109;2014;9
FUENCARRAL - EL PARDO;233874;2014;9
MONCLOA - ARAVACA;116375;2014;9
LATINA;236149;2014;9
CARABANCHEL;242230;2014;9
USERA;133522;2014;9
PUENTE DE VALLECAS;228100;2014;9
MORATALAZ;95582;2014;9
CIUDAD LINEAL;213527;2014;9
HORTALEZA;174714;2014;9
VILLAVERDE;142099;2014;9
VILLA DE VALLECAS;99677;2014;9
VICÁLVARO;69740;2014;9
SAN BLAS-CANILLEJAS;153397;2014;9
BARAJAS;45884;2014;9
CENTRO;132400;2014;10
ARGANZUELA;151011;2014;10
RETIRO;118499;2014;10
SALAMANCA;143461;2014;10
CHAMARTÍN;142127;2014;10
TETUÁN;151815;2014;10
CHAMBERÍ;138338;2014;10
FUENCARRAL - EL PARDO;233905;2014;10
MONCLOA - ARAVACA;116572;2014;10
LATINA;235684;2014;10
CARABANCHEL;241592;2014;10
USERA;133426;2014;10
PUENTE DE VALLECAS;227700;2014;10
MORATALAZ;95336;2014;10
CIUDAD LINEAL;213129;2014;10
HORTALEZA;174825;2014;10
VILLAVERDE;141784;2014;10
VILLA DE VALLECAS;99674;2014;10
VICÁLVARO;69641;2014;10
SAN BLAS-CANILLEJAS;153233;2014;10
BARAJAS;45852;2014;10
CENTRO;132899;2014;11
ARGANZUELA;151249;2014;11
RETIRO;118665;2014;11
SALAMANCA;143768;2014;11
CHAMARTÍN;142236;2014;11
TETUÁN;152236;2014;11
CHAMBERÍ;138564;2014;11
FUENCARRAL - EL PARDO;234148;2014;11
MONCLOA - ARAVACA;116836;2014;11
LATINA;235935;2014;11
CARABANCHEL;242042;2014;11
USERA;133626;2014;11
PUENTE DE VALLECAS;227841;2014;11
MORATALAZ;95347;2014;11
CIUDAD LINEAL;213345;2014;11
HORTALEZA;175241;2014;11
VILLAVERDE;141771;2014;11
VILLA DE VALLECAS;99913;2014;11
VICÁLVARO;69694;2014;11
SAN BLAS-CANILLEJAS;153394;2014;11
BARAJAS;45952;2014;11
CENTRO;131568;2014;12
ARGANZUELA;150467;2014;12
RETIRO;118212;2014;12
SALAMANCA;142843;2014;12
CHAMARTÍN;141738;2014;12
TETUÁN;151313;2014;12
CHAMBERÍ;137767;2014;12
FUENCARRAL - EL PARDO;233341;2014;12
MONCLOA - ARAVACA;116280;2014;12
LATINA;234839;2014;12
CARABANCHEL;240853;2014;12
USERA;133035;2014;12
PUENTE DE VALLECAS;226744;2014;12
MORATALAZ;95031;2014;12
CIUDAD LINEAL;212264;2014;12
HORTALEZA;174640;2014;12
VILLAVERDE;140974;2014;12
VILLA DE VALLECAS;99702;2014;12
VICÁLVARO;69460;2014;12
SAN BLAS-CANILLEJAS;152780;2014;12
BARAJAS;45812;2014;12
CENTRO;131990;2015;1
ARGANZUELA;150884;2015;1
RETIRO;118500;2015;1
SALAMANCA;143152;2015;1
CHAMARTÍN;142039;2015;1
TETUÁN;151641;2015;1
CHAMBERÍ;137985;2015;1
FUENCARRAL - EL PARDO;233978;2015;1
MONCLOA - ARAVACA;116492;2015;1
LATINA;235093;2015;1
CARABANCHEL;241319;2015;1
USERA;133429;2015;1
PUENTE DE VALLECAS;227263;2015;1
MORATALAZ;95089;2015;1
CIUDAD LINEAL;212492;2015;1
HORTALEZA;175293;2015;1
VILLAVERDE;141279;2015;1
VILLA DE VALLECAS;100039;2015;1
VICÁLVARO;69614;2015;1
SAN BLAS-CANILLEJAS;153131;2015;1
BARAJAS;45870;2015;1
CENTRO;131525;2015;2
ARGANZUELA;150726;2015;2
RETIRO;118404;2015;2
SALAMANCA;142863;2015;2
CHAMARTÍN;142132;2015;2
TETUÁN;151681;2015;2
CHAMBERÍ;137716;2015;2
FUENCARRAL - EL PARDO;233907;2015;2
MONCLOA - ARAVACA;116397;2015;2
LATINA;234844;2015;2
CARABANCHEL;241175;2015;2
USERA;133370;2015;2
PUENTE DE VALLECAS;226920;2015;2
MORATALAZ;94945;2015;2
CIUDAD LINEAL;212199;2015;2
HORTALEZA;175553;2015;2
VILLAVERDE;141310;2015;2
VILLA DE VALLECAS;100251;2015;2
VICÁLVARO;69586;2015;2
SAN BLAS-CANILLEJAS;153056;2015;2
BARAJAS;45950;2015;2
CENTRO;131995;2015;3
ARGANZUELA;150814;2015;3
RETIRO;118598;2015;3
SALAMANCA;143096;2015;3
CHAMARTÍN;142369;2015;3
TETUÁN;152015;2015;3
CHAMBERÍ;137762;2015;3
FUENCARRAL - EL PARDO;234509;2015;3
MONCLOA - ARAVACA;116652;2015;3
LATINA;235147;2015;3
CARABANCHEL;241704;2015;3
USERA;133485;2015;3
PUENTE DE VALLECAS;227262;2015;3
MORATALAZ;94987;2015;3
CIUDAD LINEAL;212468;2015;3
HORTALEZA;176062;2015;3
VILLAVERDE;141304;2015;3
VILLA DE VALLECAS;100716;2015;3
VICÁLVARO;69803;2015;3
SAN BLAS-CANILLEJAS;153233;2015;3
BARAJAS;46164;2015;3
CENTRO;131508;2015;4
ARGANZUELA;150706;2015;4
RETIRO;118371;2015;4
SALAMANCA;142804;2015;4
CHAMARTÍN;142186;2015;4
TETUÁN;151750;2015;4
CHAMBERÍ;137282;2015;4
FUENCARRAL - EL PARDO;234502;2015;4
MONCLOA - ARAVACA;116467;2015;4
LATINA;234795;2015;4
CARABANCHEL;241556;2015;4
USERA;133335;2015;4
PUENTE DE VALLECAS;226869;2015;4
MORATALAZ;94768;2015;4
CIUDAD LINEAL;212273;2015;4
HORTALEZA;175937;2015;4
VILLAVERDE;141142;2015;4
VILLA DE VALLECAS;100716;2015;4
VICÁLVARO;69630;2015;4
SAN BLAS-CANILLEJAS;153065;2015;4
BARAJAS;46076;2015;4
CENTRO;131805;2015;5
ARGANZUELA;151061;2015;5
RETIRO;118390;2015;5
SALAMANCA;143123;2015;5
CHAMARTÍN;142334;2015;5
TETUÁN;152142;2015;5
CHAMBERÍ;137454;2015;5
FUENCARRAL - EL PARDO;234883;2015;5
MONCLOA - ARAVACA;116581;2015;5
LATINA;234842;2015;5
CARABANCHEL;242032;2015;5
USERA;133579;2015;5
PUENTE DE VALLECAS;227183;2015;5
MORATALAZ;94785;2015;5
CIUDAD LINEAL;212626;2015;5
HORTALEZA;176320;2015;5
VILLAVERDE;141457;2015;5
VILLA DE VALLECAS;101011;2015;5
VICÁLVARO;69709;2015;5
SAN BLAS-CANILLEJAS;153303;2015;5
BARAJAS;46166;2015;5
CENTRO;132086;2015;6
ARGANZUELA;151226;2015;6
RETIRO;118553;2015;6
SALAMANCA;143143;2015;6
CHAMARTÍN;142329;2015;6
TETUÁN;152411;2015;6
CHAMBERÍ;137561;2015;6
FUENCARRAL - EL PARDO;235214;2015;6
MONCLOA - ARAVACA;116633;2015;6
LATINA;234903;2015;6
CARABANCHEL;242274;2015;6
USERA;133973;2015;6
PUENTE DE VALLECAS;227652;2015;6
MORATALAZ;94852;2015;6
CIUDAD LINEAL;212898;2015;6
HORTALEZA;176694;2015;6
VILLAVERDE;141801;2015;6
VILLA DE VALLECAS;101289;2015;6
VICÁLVARO;69830;2015;6
SAN BLAS-CANILLEJAS;153532;2015;6
BARAJAS;46284;2015;6
CENTRO;131349;2015;7
ARGANZUELA;150945;2015;7
RETIRO;118319;2015;7
SALAMANCA;142442;2015;7
CHAMARTÍN;142027;2015;7
TETUÁN;151968;2015;7
CHAMBERÍ;137097;2015;7
FUENCARRAL - EL PARDO;234968;2015;7
MONCLOA - ARAVACA;116523;2015;7
LATINA;234210;2015;7
CARABANCHEL;241583;2015;7
USERA;133596;2015;7
PUENTE DE VALLECAS;226853;2015;7
MORATALAZ;94721;2015;7
CIUDAD LINEAL;212263;2015;7
HORTALEZA;176421;2015;7
VILLAVERDE;141297;2015;7
VILLA DE VALLECAS;101226;2015;7
VICÁLVARO;69710;2015;7
SAN BLAS-CANILLEJAS;153331;2015;7
BARAJAS;46163;2015;7
CENTRO;131525;2015;8
ARGANZUELA;150911;2015;8
RETIRO;118263;2015;8
SALAMANCA;142469;2015;8
CHAMARTÍN;142110;2015;8
TETUÁN;152062;2015;8
CHAMBERÍ;137014;2015;8
FUENCARRAL - EL PARDO;234972;2015;8
MONCLOA - ARAVACA;116496;2015;8
LATINA;234277;2015;8
CARABANCHEL;241606;2015;8
USERA;133794;2015;8
PUENTE DE VALLECAS;226859;2015;8
MORATALAZ;94652;2015;8
CIUDAD LINEAL;212215;2015;8
HORTALEZA;176763;2015;8
VILLAVERDE;141342;2015;8
VILLA DE VALLECAS;101409;2015;8
VICÁLVARO;69735;2015;8
SAN BLAS-CANILLEJAS;153307;2015;8
BARAJAS;46198;2015;8
CENTRO;132428;2015;9
ARGANZUELA;151414;2015;9
RETIRO;118592;2015;9
SALAMANCA;143227;2015;9
CHAMARTÍN;142592;2015;9
TETUÁN;152661;2015;9
CHAMBERÍ;137665;2015;9
FUENCARRAL - EL PARDO;235678;2015;9
MONCLOA - ARAVACA;116835;2015;9
LATINA;234731;2015;9
CARABANCHEL;242616;2015;9
USERA;134181;2015;9
PUENTE DE VALLECAS;227601;2015;9
MORATALAZ;94862;2015;9
CIUDAD LINEAL;212908;2015;9
HORTALEZA;177698;2015;9
VILLAVERDE;141811;2015;9
VILLA DE VALLECAS;101885;2015;9
VICÁLVARO;69979;2015;9
SAN BLAS-CANILLEJAS;153813;2015;9
BARAJAS;46342;2015;9
CENTRO;133187;2015;10
ARGANZUELA;151816;2015;10
RETIRO;118661;2015;10
SALAMANCA;143802;2015;10
CHAMARTÍN;142878;2015;10
TETUÁN;152978;2015;10
CHAMBERÍ;138036;2015;10
FUENCARRAL - EL PARDO;236056;2015;10
MONCLOA - ARAVACA;117171;2015;10
LATINA;234949;2015;10
CARABANCHEL;242881;2015;10
USERA;134469;2015;10
PUENTE DE VALLECAS;227893;2015;10
MORATALAZ;95036;2015;10
CIUDAD LINEAL;213224;2015;10
HORTALEZA;177890;2015;10
VILLAVERDE;141954;2015;10
VILLA DE VALLECAS;102074;2015;10
VICÁLVARO;69994;2015;10
SAN BLAS-CANILLEJAS;153958;2015;10
BARAJAS;46393;2015;10
CENTRO;133095;2015;11
ARGANZUELA;151757;2015;11
RETIRO;118649;2015;11
SALAMANCA;143760;2015;11
CHAMARTÍN;142950;2015;11
TETUÁN;152876;2015;11
CHAMBERÍ;138037;2015;11
FUENCARRAL - EL PARDO;235929;2015;11
MONCLOA - ARAVACA;117079;2015;11
LATINA;234829;2015;11
CARABANCHEL;242638;2015;11
USERA;134374;2015;11
PUENTE DE VALLECAS;227667;2015;11
MORATALAZ;94859;2015;11
CIUDAD LINEAL;213012;2015;11
HORTALEZA;177938;2015;11
VILLAVERDE;141768;2015;11
VILLA DE VALLECAS;102111;2015;11
VICÁLVARO;69944;2015;11
SAN BLAS-CANILLEJAS;153784;2015;11
BARAJAS;46340;2015;11
CENTRO;133133;2015;12
ARGANZUELA;151901;2015;12
RETIRO;118831;2015;12
SALAMANCA;143719;2015;12
CHAMARTÍN;143069;2015;12
TETUÁN;153076;2015;12
CHAMBERÍ;138053;2015;12
FUENCARRAL - EL PARDO;236059;2015;12
MONCLOA - ARAVACA;117035;2015;12
LATINA;234683;2015;12
CARABANCHEL;242743;2015;12
USERA;134400;2015;12
PUENTE DE VALLECAS;227852;2015;12
MORATALAZ;94875;2015;12
CIUDAD LINEAL;213048;2015;12
HORTALEZA;178130;2015;12
VILLAVERDE;141855;2015;12
VILLA DE VALLECAS;102296;2015;12
VICÁLVARO;69958;2015;12
SAN BLAS-CANILLEJAS;153856;2015;12
BARAJAS;46373;2015;12
CENTRO;133342;2016;1
ARGANZUELA;152313;2016;1
RETIRO;118980;2016;1
SALAMANCA;144050;2016;1
CHAMARTÍN;143376;2016;1
TETUÁN;153463;2016;1
CHAMBERÍ;138212;2016;1
FUENCARRAL - EL PARDO;236518;2016;1
MONCLOA - ARAVACA;117207;2016;1
LATINA;234975;2016;1
CARABANCHEL;243321;2016;1
USERA;134736;2016;1
PUENTE DE VALLECAS;228283;2016;1
MORATALAZ;95029;2016;1
CIUDAD LINEAL;213448;2016;1
HORTALEZA;178682;2016;1
VILLAVERDE;142163;2016;1
VILLA DE VALLECAS;102742;2016;1
VICÁLVARO;70010;2016;1
SAN BLAS-CANILLEJAS;154017;2016;1
BARAJAS;46530;2016;1
CENTRO;132684;2016;2
ARGANZUELA;152034;2016;2
RETIRO;118892;2016;2
SALAMANCA;143728;2016;2
CHAMARTÍN;142998;2016;2
TETUÁN;153113;2016;2
CHAMBERÍ;137845;2016;2
FUENCARRAL - EL PARDO;236299;2016;2
MONCLOA - ARAVACA;116889;2016;2
LATINA;234479;2016;2
CARABANCHEL;242997;2016;2
USERA;134425;2016;2
PUENTE DE VALLECAS;227661;2016;2
MORATALAZ;94698;2016;2
CIUDAD LINEAL;212901;2016;2
HORTALEZA;178692;2016;2
VILLAVERDE;141880;2016;2
VILLA DE VALLECAS;102692;2016;2
VICÁLVARO;69862;2016;2
SAN BLAS-CANILLEJAS;153859;2016;2
BARAJAS;46536;2016;2
CENTRO;132819;2016;3
ARGANZUELA;152302;2016;3
RETIRO;119034;2016;3
SALAMANCA;143944;2016;3
CHAMARTÍN;143201;2016;3
TETUÁN;153620;2016;3
CHAMBERÍ;137898;2016;3
FUENCARRAL - EL PARDO;236889;2016;3
MONCLOA - ARAVACA;117045;2016;3
LATINA;234801;2016;3
CARABANCHEL;243504;2016;3
USERA;134689;2016;3
PUENTE DE VALLECAS;228073;2016;3
MORATALAZ;94831;2016;3
CIUDAD LINEAL;213183;2016;3
HORTALEZA;179180;2016;3
VILLAVERDE;142373;2016;3
VILLA DE VALLECAS;103024;2016;3
VICÁLVARO;69973;2016;3
SAN BLAS-CANILLEJAS;154115;2016;3
BARAJAS;46667;2016;3
CENTRO;133203;2016;4
ARGANZUELA;152599;2016;4
RETIRO;119210;2016;4
SALAMANCA;144347;2016;4
CHAMARTÍN;143540;2016;4
TETUÁN;154099;2016;4
CHAMBERÍ;138299;2016;4
FUENCARRAL - EL PARDO;237643;2016;4
MONCLOA - ARAVACA;117284;2016;4
LATINA;235262;2016;4
CARABANCHEL;244213;2016;4
USERA;135224;2016;4
PUENTE DE VALLECAS;228659;2016;4
MORATALAZ;94977;2016;4
CIUDAD LINEAL;213671;2016;4
HORTALEZA;179742;2016;4
VILLAVERDE;142699;2016;4
VILLA DE VALLECAS;103313;2016;4
VICÁLVARO;70098;2016;4
SAN BLAS-CANILLEJAS;154496;2016;4
BARAJAS;46846;2016;4
CENTRO;132364;2016;5
ARGANZUELA;152181;2016;5
RETIRO;118922;2016;5
SALAMANCA;143709;2016;5
CHAMARTÍN;143008;2016;5
TETUÁN;153648;2016;5
CHAMBERÍ;137650;2016;5
FUENCARRAL - EL PARDO;237457;2016;5
MONCLOA - ARAVACA;117024;2016;5
LATINA;234547;2016;5
CARABANCHEL;243531;2016;5
USERA;134893;2016;5
PUENTE DE VALLECAS;227844;2016;5
MORATALAZ;94726;2016;5
CIUDAD LINEAL;212941;2016;5
HORTALEZA;179536;2016;5
VILLAVERDE;142348;2016;5
VILLA DE VALLECAS;103232;2016;5
VICÁLVARO;70115;2016;5
SAN BLAS-CANILLEJAS;154183;2016;5
BARAJAS;46716;2016;5
CENTRO;132477;2016;6
ARGANZUELA;152304;2016;6
RETIRO;118982;2016;6
SALAMANCA;143844;2016;6
CHAMARTÍN;143206;2016;6
TETUÁN;154029;2016;6
CHAMBERÍ;137717;2016;6
FUENCARRAL - EL PARDO;238005;2016;6
MONCLOA - ARAVACA;117134;2016;6
LATINA;234961;2016;6
CARABANCHEL;244112;2016;6
USERA;135202;2016;6
PUENTE DE VALLECAS;228156;2016;6
MORATALAZ;94736;2016;6
CIUDAD LINEAL;213319;2016;6
HORTALEZA;179805;2016;6
VILLAVERDE;142716;2016;6
VILLA DE VALLECAS;103640;2016;6
VICÁLVARO;70163;2016;6
SAN BLAS-CANILLEJAS;154385;2016;6
BARAJAS;46798;2016;6
CENTRO;131864;2016;7
ARGANZUELA;152111;2016;7
RETIRO;118793;2016;7
SALAMANCA;143432;2016;7
CHAMARTÍN;142981;2016;7
TETUÁN;153682;2016;7
CHAMBERÍ;137509;2016;7
FUENCARRAL - EL PARDO;237973;2016;7
MONCLOA - ARAVACA;116928;2016;7
LATINA;234509;2016;7
CARABANCHEL;243586;2016;7
USERA;134814;2016;7
PUENTE DE VALLECAS;227679;2016;7
MORATALAZ;94573;2016;7
CIUDAD LINEAL;213027;2016;7
HORTALEZA;179675;2016;7
VILLAVERDE;142304;2016;7
VILLA DE VALLECAS;103572;2016;7
VICÁLVARO;70104;2016;7
SAN BLAS-CANILLEJAS;154206;2016;7
BARAJAS;46771;2016;7
CENTRO;132300;2016;8
ARGANZUELA;152225;2016;8
RETIRO;118808;2016;8
SALAMANCA;143684;2016;8
CHAMARTÍN;143280;2016;8
TETUÁN;153958;2016;8
CHAMBERÍ;137630;2016;8
FUENCARRAL - EL PARDO;238368;2016;8
MONCLOA - ARAVACA;117036;2016;8
LATINA;234774;2016;8
CARABANCHEL;243904;2016;8
USERA;135021;2016;8
PUENTE DE VALLECAS;228047;2016;8
MORATALAZ;94641;2016;8
CIUDAD LINEAL;213256;2016;8
HORTALEZA;180054;2016;8
VILLAVERDE;142569;2016;8
VILLA DE VALLECAS;103828;2016;8
VICÁLVARO;70170;2016;8
SAN BLAS-CANILLEJAS;154360;2016;8
BARAJAS;46860;2016;8
CENTRO;131802;2016;9
ARGANZUELA;151815;2016;9
RETIRO;118660;2016;9
SALAMANCA;143586;2016;9
CHAMARTÍN;143230;2016;9
TETUÁN;153352;2016;9
CHAMBERÍ;137388;2016;9
FUENCARRAL - EL PARDO;238410;2016;9
MONCLOA - ARAVACA;116849;2016;9
LATINA;234067;2016;9
CARABANCHEL;243158;2016;9
USERA;134506;2016;9
PUENTE DE VALLECAS;227532;2016;9
MORATALAZ;94403;2016;9
CIUDAD LINEAL;212783;2016;9
HORTALEZA;179913;2016;9
VILLAVERDE;142334;2016;9
VILLA DE VALLECAS;103916;2016;9
VICÁLVARO;69975;2016;9
SAN BLAS-CANILLEJAS;154310;2016;9
BARAJAS;46850;2016;9
CENTRO;132311;2016;10
ARGANZUELA;152120;2016;10
RETIRO;118834;2016;10
SALAMANCA;144084;2016;10
CHAMARTÍN;143575;2016;10
TETUÁN;153689;2016;10
CHAMBERÍ;137602;2016;10
FUENCARRAL - EL PARDO;238722;2016;10
MONCLOA - ARAVACA;117220;2016;10
LATINA;234421;2016;10
CARABANCHEL;243864;2016;10
USERA;134899;2016;10
PUENTE DE VALLECAS;227954;2016;10
MORATALAZ;94475;2016;10
CIUDAD LINEAL;212970;2016;10
HORTALEZA;180386;2016;10
VILLAVERDE;142674;2016;10
VILLA DE VALLECAS;104210;2016;10
VICÁLVARO;70076;2016;10
SAN BLAS-CANILLEJAS;154541;2016;10
BARAJAS;46934;2016;10
CENTRO;132651;2016;11
ARGANZUELA;152449;2016;11
RETIRO;118999;2016;11
SALAMANCA;144390;2016;11
CHAMARTÍN;143838;2016;11
TETUÁN;154268;2016;11
CHAMBERÍ;137956;2016;11
FUENCARRAL - EL PARDO;239266;2016;11
MONCLOA - ARAVACA;117485;2016;11
LATINA;234766;2016;11
CARABANCHEL;244781;2016;11
USERA;135349;2016;11
PUENTE DE VALLECAS;228477;2016;11
MORATALAZ;94551;2016;11
CIUDAD LINEAL;213364;2016;11
HORTALEZA;180795;2016;11
VILLAVERDE;143079;2016;11
VILLA DE VALLECAS;104510;2016;11
VICÁLVARO;70201;2016;11
SAN BLAS-CANILLEJAS;154925;2016;11
BARAJAS;47034;2016;11
CENTRO;132422;2016;12
ARGANZUELA;152337;2016;12
RETIRO;118844;2016;12
SALAMANCA;144249;2016;12
CHAMARTÍN;143816;2016;12
TETUÁN;154222;2016;12
CHAMBERÍ;137943;2016;12
FUENCARRAL - EL PARDO;239225;2016;12
MONCLOA - ARAVACA;117310;2016;12
LATINA;234486;2016;12
CARABANCHEL;244709;2016;12
USERA;135189;2016;12
PUENTE DE VALLECAS;228249;2016;12
MORATALAZ;94495;2016;12
CIUDAD LINEAL;213133;2016;12
HORTALEZA;180879;2016;12
VILLAVERDE;143059;2016;12
VILLA DE VALLECAS;104565;2016;12
VICÁLVARO;70203;2016;12
SAN BLAS-CANILLEJAS;154782;2016;12
BARAJAS;47000;2016;12
CENTRO;132178;2017;1
ARGANZUELA;152357;2017;1
RETIRO;118848;2017;1
SALAMANCA;144197;2017;1
CHAMARTÍN;143938;2017;1
TETUÁN;154346;2017;1
CHAMBERÍ;137869;2017;1
FUENCARRAL - EL PARDO;239531;2017;1
MONCLOA - ARAVACA;117137;2017;1
LATINA;234480;2017;1
CARABANCHEL;244976;2017;1
USERA;135366;2017;1
PUENTE DE VALLECAS;228372;2017;1
MORATALAZ;94432;2017;1
CIUDAD LINEAL;213168;2017;1
HORTALEZA;181234;2017;1
VILLAVERDE;143253;2017;1
VILLA DE VALLECAS;104780;2017;1
VICÁLVARO;70251;2017;1
SAN BLAS-CANILLEJAS;155063;2017;1
BARAJAS;47030;2017;1
CENTRO;132536;2017;2
ARGANZUELA;152645;2017;2
RETIRO;118911;2017;2
SALAMANCA;144451;2017;2
CHAMARTÍN;144154;2017;2
TETUÁN;154785;2017;2
CHAMBERÍ;138016;2017;2
FUENCARRAL - EL PARDO;240089;2017;2
MONCLOA - ARAVACA;117256;2017;2
LATINA;234936;2017;2
CARABANCHEL;245506;2017;2
USERA;135730;2017;2
PUENTE DE VALLECAS;228713;2017;2
MORATALAZ;94426;2017;2
CIUDAD LINEAL;213481;2017;2
HORTALEZA;181476;2017;2
VILLAVERDE;143585;2017;2
VILLA DE VALLECAS;105033;2017;2
VICÁLVARO;70344;2017;2
SAN BLAS-CANILLEJAS;155323;2017;2
BARAJAS;47136;2017;2
CENTRO;131752;2017;3
ARGANZUELA;152174;2017;3
RETIRO;118599;2017;3
SALAMANCA;143955;2017;3
CHAMARTÍN;143962;2017;3
TETUÁN;154394;2017;3
CHAMBERÍ;137638;2017;3
FUENCARRAL - EL PARDO;240036;2017;3
MONCLOA - ARAVACA;117047;2017;3
LATINA;234696;2017;3
CARABANCHEL;245211;2017;3
USERA;135457;2017;3
PUENTE DE VALLECAS;228270;2017;3
MORATALAZ;94413;2017;3
CIUDAD LINEAL;213223;2017;3
HORTALEZA;181312;2017;3
VILLAVERDE;143471;2017;3
VILLA DE VALLECAS;105099;2017;3
VICÁLVARO;70354;2017;3
SAN BLAS-CANILLEJAS;155249;2017;3
BARAJAS;47184;2017;3
CENTRO;131566;2017;4
ARGANZUELA;152195;2017;4
RETIRO;118618;2017;4
SALAMANCA;143920;2017;4
CHAMARTÍN;144043;2017;4
TETUÁN;154345;2017;4
CHAMBERÍ;137640;2017;4
FUENCARRAL - EL PARDO;240569;2017;4
MONCLOA - ARAVACA;117073;2017;4
LATINA;234679;2017;4
CARABANCHEL;245361;2017;4
USERA;135658;2017;4
PUENTE DE VALLECAS;228274;2017;4
MORATALAZ;94380;2017;4
CIUDAD LINEAL;213416;2017;4
HORTALEZA;181645;2017;4
VILLAVERDE;143682;2017;4
VILLA DE VALLECAS;105518;2017;4
VICÁLVARO;70451;2017;4
SAN BLAS-CANILLEJAS;155366;2017;4
BARAJAS;47305;2017;4
CENTRO;131745;2017;5
ARGANZUELA;152438;2017;5
RETIRO;118691;2017;5
SALAMANCA;144147;2017;5
CHAMARTÍN;144276;2017;5
TETUÁN;154838;2017;5
CHAMBERÍ;137820;2017;5
FUENCARRAL - EL PARDO;240994;2017;5
MONCLOA - ARAVACA;117213;2017;5
LATINA;234994;2017;5
CARABANCHEL;246175;2017;5
USERA;136021;2017;5
PUENTE DE VALLECAS;228916;2017;5
MORATALAZ;94419;2017;5
CIUDAD LINEAL;213921;2017;5
HORTALEZA;182176;2017;5
VILLAVERDE;144166;2017;5
VILLA DE VALLECAS;105996;2017;5
VICÁLVARO;70649;2017;5
SAN BLAS-CANILLEJAS;155624;2017;5
BARAJAS;47461;2017;5
CENTRO;131898;2017;6
ARGANZUELA;152588;2017;6
RETIRO;118757;2017;6
SALAMANCA;144424;2017;6
CHAMARTÍN;144466;2017;6
TETUÁN;155181;2017;6
CHAMBERÍ;137958;2017;6
FUENCARRAL - EL PARDO;241384;2017;6
MONCLOA - ARAVACA;117362;2017;6
LATINA;235277;2017;6
CARABANCHEL;246800;2017;6
USERA;136287;2017;6
PUENTE DE VALLECAS;229366;2017;6
MORATALAZ;94468;2017;6
CIUDAD LINEAL;214273;2017;6
HORTALEZA;182358;2017;6
VILLAVERDE;144529;2017;6
VILLA DE VALLECAS;106331;2017;6
VICÁLVARO;70711;2017;6
SAN BLAS-CANILLEJAS;155842;2017;6
BARAJAS;47586;2017;6
CENTRO;131497;2017;7
ARGANZUELA;152540;2017;7
RETIRO;118643;2017;7
SALAMANCA;143931;2017;7
CHAMARTÍN;144322;2017;7
TETUÁN;154913;2017;7
CHAMBERÍ;137779;2017;7
FUENCARRAL - EL PARDO;241528;2017;7
MONCLOA - ARAVACA;117236;2017;7
LATINA;235095;2017;7
CARABANCHEL;246516;2017;7
USERA;136134;2017;7
PUENTE DE VALLECAS;229066;2017;7
MORATALAZ;94436;2017;7
CIUDAD LINEAL;214257;2017;7
HORTALEZA;182437;2017;7
VILLAVERDE;144495;2017;7
VILLA DE VALLECAS;106544;2017;7
VICÁLVARO;70711;2017;7
SAN BLAS-CANILLEJAS;155720;2017;7
BARAJAS;47590;2017;7
CENTRO;131467;2017;8
ARGANZUELA;152491;2017;8
RETIRO;118774;2017;8
SALAMANCA;144184;2017;8
CHAMARTÍN;144510;2017;8
TETUÁN;155135;2017;8
CHAMBERÍ;137950;2017;8
FUENCARRAL - EL PARDO;241854;2017;8
MONCLOA - ARAVACA;117357;2017;8
LATINA;235208;2017;8
CARABANCHEL;246992;2017;8
USERA;136361;2017;8
PUENTE DE VALLECAS;229431;2017;8
MORATALAZ;94530;2017;8
CIUDAD LINEAL;214479;2017;8
HORTALEZA;182778;2017;8
VILLAVERDE;144855;2017;8
VILLA DE VALLECAS;106854;2017;8
VICÁLVARO;70820;2017;8
SAN BLAS-CANILLEJAS;155840;2017;8
BARAJAS;47624;2017;8
CENTRO;132035;2017;9
ARGANZUELA;152732;2017;9
RETIRO;118965;2017;9
SALAMANCA;144751;2017;9
CHAMARTÍN;144950;2017;9
TETUÁN;155566;2017;9
CHAMBERÍ;138250;2017;9
FUENCARRAL - EL PARDO;242455;2017;9
MONCLOA - ARAVACA;117667;2017;9
LATINA;235682;2017;9
CARABANCHEL;247557;2017;9
USERA;136831;2017;9
PUENTE DE VALLECAS;230101;2017;9
MORATALAZ;94646;2017;9
CIUDAD LINEAL;214758;2017;9
HORTALEZA;183276;2017;9
VILLAVERDE;145357;2017;9
VILLA DE VALLECAS;107186;2017;9
VICÁLVARO;70956;2017;9
SAN BLAS-CANILLEJAS;156251;2017;9
BARAJAS;47760;2017;9
CENTRO;132744;2017;10
ARGANZUELA;153160;2017;10
RETIRO;119209;2017;10
SALAMANCA;145421;2017;10
CHAMARTÍN;145241;2017;10
TETUÁN;156235;2017;10
CHAMBERÍ;138697;2017;10
FUENCARRAL - EL PARDO;243157;2017;10
MONCLOA - ARAVACA;118055;2017;10
LATINA;236119;2017;10
CARABANCHEL;248398;2017;10
USERA;137158;2017;10
PUENTE DE VALLECAS;230837;2017;10
MORATALAZ;94634;2017;10
CIUDAD LINEAL;215259;2017;10
HORTALEZA;183663;2017;10
VILLAVERDE;145791;2017;10
VILLA DE VALLECAS;107554;2017;10
VICÁLVARO;71109;2017;10
SAN BLAS-CANILLEJAS;156569;2017;10
BARAJAS;47760;2017;10
CENTRO;132619;2017;11
ARGANZUELA;153040;2017;11
RETIRO;119198;2017;11
SALAMANCA;145564;2017;11
CHAMARTÍN;145209;2017;11
TETUÁN;156215;2017;11
CHAMBERÍ;138668;2017;11
FUENCARRAL - EL PARDO;243261;2017;11
MONCLOA - ARAVACA;118194;2017;11
LATINA;236049;2017;11
CARABANCHEL;248431;2017;11
USERA;137074;2017;11
PUENTE DE VALLECAS;230804;2017;11
MORATALAZ;94561;2017;11
CIUDAD LINEAL;214973;2017;11
HORTALEZA;183876;2017;11
VILLAVERDE;145792;2017;11
VILLA DE VALLECAS;107615;2017;11
VICÁLVARO;71097;2017;11
SAN BLAS-CANILLEJAS;156407;2017;11
BARAJAS;47861;2017;11
CENTRO;132781;2017;12
ARGANZUELA;153347;2017;12
RETIRO;119349;2017;12
SALAMANCA;145692;2017;12
CHAMARTÍN;145344;2017;12
TETUÁN;156470;2017;12
CHAMBERÍ;138842;2017;12
FUENCARRAL - EL PARDO;243552;2017;12
MONCLOA - ARAVACA;118223;2017;12
LATINA;236452;2017;12
CARABANCHEL;248941;2017;12
USERA;137412;2017;12
PUENTE DE VALLECAS;231175;2017;12
MORATALAZ;94521;2017;12
CIUDAD LINEAL;215100;2017;12
HORTALEZA;184334;2017;12
VILLAVERDE;145993;2017;12
VILLA DE VALLECAS;107860;2017;12
VICÁLVARO;71120;2017;12
SAN BLAS-CANILLEJAS;156635;2017;12
BARAJAS;47919;2017;12
CENTRO;132808;2018;1
ARGANZUELA;153438;2018;1
RETIRO;119514;2018;1
SALAMANCA;145815;2018;1
CHAMARTÍN;145564;2018;1
TETUÁN;156665;2018;1
CHAMBERÍ;139056;2018;1
FUENCARRAL - EL PARDO;244130;2018;1
MONCLOA - ARAVACA;118431;2018;1
LATINA;236916;2018;1
CARABANCHEL;249478;2018;1
USERA;137611;2018;1
PUENTE DE VALLECAS;231524;2018;1
MORATALAZ;94570;2018;1
CIUDAD LINEAL;215392;2018;1
HORTALEZA;184856;2018;1
VILLAVERDE;146218;2018;1
VILLA DE VALLECAS;108127;2018;1
VICÁLVARO;71230;2018;1
SAN BLAS-CANILLEJAS;156983;2018;1
BARAJAS;48078;2018;1
CENTRO;132888;2018;2
ARGANZUELA;153531;2018;2
RETIRO;119516;2018;2
SALAMANCA;145893;2018;2
CHAMARTÍN;145564;2018;2
TETUÁN;156869;2018;2
CHAMBERÍ;139112;2018;2
FUENCARRAL - EL PARDO;244467;2018;2
MONCLOA - ARAVACA;118501;2018;2
LATINA;237110;2018;2
CARABANCHEL;249943;2018;2
USERA;137951;2018;2
PUENTE DE VALLECAS;232104;2018;2
MORATALAZ;94648;2018;2
CIUDAD LINEAL;215563;2018;2
HORTALEZA;185151;2018;2
VILLAVERDE;146831;2018;2
VILLA DE VALLECAS;108354;2018;2
VICÁLVARO;71305;2018;2
SAN BLAS-CANILLEJAS;157219;2018;2
BARAJAS;48196;2018;2
CENTRO;132284;2018;3
ARGANZUELA;153340;2018;3
RETIRO;119375;2018;3
SALAMANCA;145471;2018;3
CHAMARTÍN;145380;2018;3
TETUÁN;156596;2018;3
CHAMBERÍ;138877;2018;3
FUENCARRAL - EL PARDO;244477;2018;3
MONCLOA - ARAVACA;118395;2018;3
LATINA;236798;2018;3
CARABANCHEL;249673;2018;3
USERA;137838;2018;3
PUENTE DE VALLECAS;231815;2018;3
MORATALAZ;94631;2018;3
CIUDAD LINEAL;215520;2018;3
HORTALEZA;185275;2018;3
VILLAVERDE;146864;2018;3
VILLA DE VALLECAS;108506;2018;3
VICÁLVARO;71262;2018;3
SAN BLAS-CANILLEJAS;157159;2018;3
BARAJAS;48311;2018;3
CENTRO;132530;2018;4
ARGANZUELA;153707;2018;4
RETIRO;119455;2018;4
SALAMANCA;145678;2018;4
CHAMARTÍN;145628;2018;4
TETUÁN;156940;2018;4
CHAMBERÍ;139075;2018;4
FUENCARRAL - EL PARDO;244943;2018;4
MONCLOA - ARAVACA;118598;2018;4
LATINA;237374;2018;4
CARABANCHEL;250607;2018;4
USERA;138325;2018;4
PUENTE DE VALLECAS;232763;2018;4
MORATALAZ;94781;2018;4
CIUDAD LINEAL;215892;2018;4
HORTALEZA;185902;2018;4
VILLAVERDE;147453;2018;4
VILLA DE VALLECAS;108898;2018;4
VICÁLVARO;71469;2018;4
SAN BLAS-CANILLEJAS;157715;2018;4
BARAJAS;48482;2018;4
CENTRO;132190;2018;5
ARGANZUELA;153425;2018;5
RETIRO;119333;2018;5
SALAMANCA;145470;2018;5
CHAMARTÍN;145570;2018;5
TETUÁN;156734;2018;5
CHAMBERÍ;138881;2018;5
FUENCARRAL - EL PARDO;244883;2018;5
MONCLOA - ARAVACA;118605;2018;5
LATINA;237207;2018;5
CARABANCHEL;250552;2018;5
USERA;138366;2018;5
PUENTE DE VALLECAS;232826;2018;5
MORATALAZ;94809;2018;5
CIUDAD LINEAL;215859;2018;5
HORTALEZA;186031;2018;5
VILLAVERDE;147468;2018;5
VILLA DE VALLECAS;109036;2018;5
VICÁLVARO;71487;2018;5
SAN BLAS-CANILLEJAS;157600;2018;5
BARAJAS;48546;2018;5
CENTRO;131884;2018;6
ARGANZUELA;153415;2018;6
RETIRO;119261;2018;6
SALAMANCA;145304;2018;6
CHAMARTÍN;145430;2018;6
TETUÁN;156703;2018;6
CHAMBERÍ;138713;2018;6
FUENCARRAL - EL PARDO;244993;2018;6
MONCLOA - ARAVACA;118692;2018;6
LATINA;237083;2018;6
CARABANCHEL;250671;2018;6
USERA;138504;2018;6
PUENTE DE VALLECAS;232904;2018;6
MORATALAZ;94686;2018;6
CIUDAD LINEAL;215684;2018;6
HORTALEZA;186096;2018;6
VILLAVERDE;147566;2018;6
VILLA DE VALLECAS;109159;2018;6
VICÁLVARO;71417;2018;6
SAN BLAS-CANILLEJAS;157541;2018;6
BARAJAS;48497;2018;6
CENTRO;131964;2018;7
ARGANZUELA;153518;2018;7
RETIRO;119213;2018;7
SALAMANCA;145428;2018;7
CHAMARTÍN;145564;2018;7
TETUÁN;156969;2018;7
CHAMBERÍ;138837;2018;7
FUENCARRAL - EL PARDO;245505;2018;7
MONCLOA - ARAVACA;118761;2018;7
LATINA;237342;2018;7
CARABANCHEL;251087;2018;7
USERA;138635;2018;7
PUENTE DE VALLECAS;233380;2018;7
MORATALAZ;94690;2018;7
CIUDAD LINEAL;215909;2018;7
HORTALEZA;186457;2018;7
VILLAVERDE;147798;2018;7
VILLA DE VALLECAS;109385;2018;7
VICÁLVARO;71448;2018;7
SAN BLAS-CANILLEJAS;157805;2018;7
BARAJAS;48611;2018;7
CENTRO;132244;2018;8
ARGANZUELA;153561;2018;8
RETIRO;119287;2018;8
SALAMANCA;145630;2018;8
CHAMARTÍN;145615;2018;8
TETUÁN;157186;2018;8
CHAMBERÍ;138922;2018;8
FUENCARRAL - EL PARDO;245705;2018;8
MONCLOA - ARAVACA;118748;2018;8
LATINA;237630;2018;8
CARABANCHEL;251748;2018;8
USERA;138890;2018;8
PUENTE DE VALLECAS;233797;2018;8
MORATALAZ;94698;2018;8
CIUDAD LINEAL;216205;2018;8
HORTALEZA;186928;2018;8
VILLAVERDE;148071;2018;8
VILLA DE VALLECAS;109710;2018;8
VICÁLVARO;71673;2018;8
SAN BLAS-CANILLEJAS;157971;2018;8
BARAJAS;48699;2018;8
CENTRO;132501;2018;9
ARGANZUELA;153643;2018;9
RETIRO;119473;2018;9
SALAMANCA;145893;2018;9
CHAMARTÍN;145762;2018;9
TETUÁN;157318;2018;9
CHAMBERÍ;139252;2018;9
FUENCARRAL - EL PARDO;246064;2018;9
MONCLOA - ARAVACA;118937;2018;9
LATINA;237755;2018;9
CARABANCHEL;252216;2018;9
USERA;139013;2018;9
PUENTE DE VALLECAS;234244;2018;9
MORATALAZ;94667;2018;9
CIUDAD LINEAL;216199;2018;9
HORTALEZA;187411;2018;9
VILLAVERDE;148300;2018;9
VILLA DE VALLECAS;109935;2018;9
VICÁLVARO;71741;2018;9
SAN BLAS-CANILLEJAS;158152;2018;9
BARAJAS;48796;2018;9
CENTRO;133461;2018;10
ARGANZUELA;153780;2018;10
RETIRO;119600;2018;10
SALAMANCA;146375;2018;10
CHAMARTÍN;145931;2018;10
TETUÁN;157652;2018;10
CHAMBERÍ;139563;2018;10
FUENCARRAL - EL PARDO;246357;2018;10
MONCLOA - ARAVACA;119350;2018;10
LATINA;238028;2018;10
CARABANCHEL;252673;2018;10
USERA;139313;2018;10
PUENTE DE VALLECAS;234482;2018;10
MORATALAZ;94755;2018;10
CIUDAD LINEAL;216441;2018;10
HORTALEZA;187885;2018;10
VILLAVERDE;148349;2018;10
VILLA DE VALLECAS;110088;2018;10
VICÁLVARO;71885;2018;10
SAN BLAS-CANILLEJAS;158257;2018;10
BARAJAS;48885;2018;10
CENTRO;134742;2018;11
ARGANZUELA;154204;2018;11
RETIRO;119704;2018;11
SALAMANCA;146720;2018;11
CHAMARTÍN;146178;2018;11
TETUÁN;158329;2018;11
CHAMBERÍ;139920;2018;11
FUENCARRAL - EL PARDO;246697;2018;11
MONCLOA - ARAVACA;119690;2018;11
LATINA;238626;2018;11
CARABANCHEL;253433;2018;11
USERA;139760;2018;11
PUENTE DE VALLECAS;235107;2018;11
MORATALAZ;94854;2018;11
CIUDAD LINEAL;216816;2018;11
HORTALEZA;188526;2018;11
VILLAVERDE;149004;2018;11
VILLA DE VALLECAS;110458;2018;11
VICÁLVARO;72112;2018;11
SAN BLAS-CANILLEJAS;158571;2018;11
BARAJAS;49071;2018;11
CENTRO;135314;2018;12
ARGANZUELA;154264;2018;12
RETIRO;119687;2018;12
SALAMANCA;146578;2018;12
CHAMARTÍN;146231;2018;12
TETUÁN;158494;2018;12
CHAMBERÍ;139914;2018;12
FUENCARRAL - EL PARDO;246640;2018;12
MONCLOA - ARAVACA;119789;2018;12
LATINA;238901;2018;12
CARABANCHEL;253797;2018;12
USERA;139909;2018;12
PUENTE DE VALLECAS;235418;2018;12
MORATALAZ;94818;2018;12
CIUDAD LINEAL;216861;2018;12
HORTALEZA;188694;2018;12
VILLAVERDE;149277;2018;12
VILLA DE VALLECAS;110643;2018;12
VICÁLVARO;72294;2018;12
SAN BLAS-CANILLEJAS;158602;2018;12
BARAJAS;49070;2018;12
CENTRO;135818;2019;1
ARGANZUELA;154376;2019;1
RETIRO;119753;2019;1
SALAMANCA;146483;2019;1
CHAMARTÍN;146317;2019;1
TETUÁN;158367;2019;1
CHAMBERÍ;139797;2019;1
FUENCARRAL - EL PARDO;246822;2019;1
MONCLOA - ARAVACA;119776;2019;1
LATINA;238706;2019;1
CARABANCHEL;253873;2019;1
USERA;139809;2019;1
PUENTE DE VALLECAS;235645;2019;1
MORATALAZ;94900;2019;1
CIUDAD LINEAL;217060;2019;1
HORTALEZA;189068;2019;1
VILLAVERDE;149478;2019;1
VILLA DE VALLECAS;110950;2019;1
VICÁLVARO;72588;2019;1
SAN BLAS-CANILLEJAS;158637;2019;1
BARAJAS;49167;2019;1
CENTRO;136370;2019;2
ARGANZUELA;154398;2019;2
RETIRO;119795;2019;2
SALAMANCA;146501;2019;2
CHAMARTÍN;146366;2019;2
TETUÁN;158273;2019;2
CHAMBERÍ;139720;2019;2
FUENCARRAL - EL PARDO;246821;2019;2
MONCLOA - ARAVACA;119768;2019;2
LATINA;238827;2019;2
CARABANCHEL;254053;2019;2
USERA;139913;2019;2
PUENTE DE VALLECAS;236005;2019;2
MORATALAZ;94989;2019;2
CIUDAD LINEAL;217057;2019;2
HORTALEZA;189186;2019;2
VILLAVERDE;149785;2019;2
VILLA DE VALLECAS;111148;2019;2
VICÁLVARO;72672;2019;2
SAN BLAS-CANILLEJAS;158582;2019;2
BARAJAS;49159;2019;2
CENTRO;136689;2019;3
ARGANZUELA;154424;2019;3
RETIRO;119859;2019;3
SALAMANCA;146585;2019;3
CHAMARTÍN;146545;2019;3
TETUÁN;158488;2019;3
CHAMBERÍ;139799;2019;3
FUENCARRAL - EL PARDO;247005;2019;3
MONCLOA - ARAVACA;119869;2019;3
LATINA;238959;2019;3
CARABANCHEL;254475;2019;3
USERA;140176;2019;3
PUENTE DE VALLECAS;236324;2019;3
MORATALAZ;95013;2019;3
CIUDAD LINEAL;217149;2019;3
HORTALEZA;189592;2019;3
VILLAVERDE;150041;2019;3
VILLA DE VALLECAS;111366;2019;3
VICÁLVARO;72839;2019;3
SAN BLAS-CANILLEJAS;158641;2019;3
BARAJAS;49273;2019;3
CENTRO;137136;2019;4
ARGANZUELA;154595;2019;4
RETIRO;119926;2019;4
SALAMANCA;146667;2019;4
CHAMARTÍN;146761;2019;4
TETUÁN;158956;2019;4
CHAMBERÍ;139861;2019;4
FUENCARRAL - EL PARDO;247413;2019;4
MONCLOA - ARAVACA;120025;2019;4
LATINA;239578;2019;4
CARABANCHEL;255226;2019;4
USERA;140710;2019;4
PUENTE DE VALLECAS;237017;2019;4
MORATALAZ;95177;2019;4
CIUDAD LINEAL;217642;2019;4
HORTALEZA;190130;2019;4
VILLAVERDE;150563;2019;4
VILLA DE VALLECAS;111649;2019;4
VICÁLVARO;72964;2019;4
SAN BLAS-CANILLEJAS;158959;2019;4
BARAJAS;49393;2019;4
CENTRO;137860;2019;5
ARGANZUELA;154847;2019;5
RETIRO;120098;2019;5
SALAMANCA;146829;2019;5
CHAMARTÍN;147061;2019;5
TETUÁN;159267;2019;5
CHAMBERÍ;139971;2019;5
FUENCARRAL - EL PARDO;247964;2019;5
MONCLOA - ARAVACA;120234;2019;5
LATINA;240246;2019;5
CARABANCHEL;256206;2019;5
USERA;141151;2019;5
PUENTE DE VALLECAS;237766;2019;5
MORATALAZ;95288;2019;5
CIUDAD LINEAL;218112;2019;5
HORTALEZA;190667;2019;5
VILLAVERDE;151279;2019;5
VILLA DE VALLECAS;112104;2019;5
VICÁLVARO;73091;2019;5
SAN BLAS-CANILLEJAS;159448;2019;5
BARAJAS;49526;2019;5
CENTRO;138552;2019;6
ARGANZUELA;155152;2019;6
RETIRO;120157;2019;6
SALAMANCA;147016;2019;6
CHAMARTÍN;147242;2019;6
TETUÁN;159852;2019;6
CHAMBERÍ;140132;2019;6
FUENCARRAL - EL PARDO;248584;2019;6
MONCLOA - ARAVACA;120548;2019;6
LATINA;240814;2019;6
CARABANCHEL;257117;2019;6
USERA;141646;2019;6
PUENTE DE VALLECAS;238572;2019;6
MORATALAZ;95537;2019;6
CIUDAD LINEAL;218722;2019;6
HORTALEZA;191331;2019;6
VILLAVERDE;151859;2019;6
VILLA DE VALLECAS;112730;2019;6
VICÁLVARO;73298;2019;6
SAN BLAS-CANILLEJAS;159960;2019;6
BARAJAS;49647;2019;6
CENTRO;139037;2019;7
ARGANZUELA;155377;2019;7
RETIRO;120239;2019;7
SALAMANCA;147273;2019;7
CHAMARTÍN;147435;2019;7
TETUÁN;160421;2019;7
CHAMBERÍ;140289;2019;7
FUENCARRAL - EL PARDO;249159;2019;7
MONCLOA - ARAVACA;120849;2019;7
LATINA;241165;2019;7
CARABANCHEL;257817;2019;7
USERA;141944;2019;7
PUENTE DE VALLECAS;239258;2019;7
MORATALAZ;95700;2019;7
CIUDAD LINEAL;219160;2019;7
HORTALEZA;192016;2019;7
VILLAVERDE;152315;2019;7
VILLA DE VALLECAS;113122;2019;7
VICÁLVARO;73505;2019;7
SAN BLAS-CANILLEJAS;160382;2019;7
BARAJAS;49764;2019;7
CENTRO;139577;2019;8
ARGANZUELA;155644;2019;8
RETIRO;120465;2019;8
SALAMANCA;147562;2019;8
CHAMARTÍN;147654;2019;8
TETUÁN;160888;2019;8
CHAMBERÍ;140510;2019;8
FUENCARRAL - EL PARDO;249411;2019;8
MONCLOA - ARAVACA;121032;2019;8
LATINA;241752;2019;8
CARABANCHEL;258696;2019;8
USERA;142481;2019;8
PUENTE DE VALLECAS;240079;2019;8
MORATALAZ;95825;2019;8
CIUDAD LINEAL;219682;2019;8
HORTALEZA;192547;2019;8
VILLAVERDE;152920;2019;8
VILLA DE VALLECAS;113480;2019;8
VICÁLVARO;73683;2019;8
SAN BLAS-CANILLEJAS;160878;2019;8
BARAJAS;49855;2019;8
CENTRO;139044;2019;9
ARGANZUELA;155429;2019;9
RETIRO;120437;2019;9
SALAMANCA;147362;2019;9
CHAMARTÍN;147508;2019;9
TETUÁN;160789;2019;9
CHAMBERÍ;140531;2019;9
FUENCARRAL - EL PARDO;249520;2019;9
MONCLOA - ARAVACA;121172;2019;9
LATINA;241458;2019;9
CARABANCHEL;258307;2019;9
USERA;142146;2019;9
PUENTE DE VALLECAS;239607;2019;9
MORATALAZ;95761;2019;9
CIUDAD LINEAL;219383;2019;9
HORTALEZA;192884;2019;9
VILLAVERDE;152873;2019;9
VILLA DE VALLECAS;113687;2019;9
VICÁLVARO;73800;2019;9
SAN BLAS-CANILLEJAS;160904;2019;9
BARAJAS;49966;2019;9
CENTRO;140293;2019;10
ARGANZUELA;155852;2019;10
RETIRO;120668;2019;10
SALAMANCA;148077;2019;10
CHAMARTÍN;147816;2019;10
TETUÁN;161541;2019;10
CHAMBERÍ;141128;2019;10
FUENCARRAL - EL PARDO;250082;2019;10
MONCLOA - ARAVACA;121742;2019;10
LATINA;242054;2019;10
CARABANCHEL;259544;2019;10
USERA;142555;2019;10
PUENTE DE VALLECAS;240526;2019;10
MORATALAZ;95831;2019;10
CIUDAD LINEAL;219761;2019;10
HORTALEZA;193389;2019;10
VILLAVERDE;153712;2019;10
VILLA DE VALLECAS;114265;2019;10
VICÁLVARO;74079;2019;10
SAN BLAS-CANILLEJAS;161304;2019;10
BARAJAS;50070;2019;10
CENTRO;140860;2019;11
ARGANZUELA;156068;2019;11
RETIRO;120816;2019;11
SALAMANCA;148349;2019;11
CHAMARTÍN;147966;2019;11
TETUÁN;161909;2019;11
CHAMBERÍ;141327;2019;11
FUENCARRAL - EL PARDO;250487;2019;11
MONCLOA - ARAVACA;122057;2019;11
LATINA;242569;2019;11
CARABANCHEL;260418;2019;11
USERA;143042;2019;11
PUENTE DE VALLECAS;241264;2019;11
MORATALAZ;95902;2019;11
CIUDAD LINEAL;220431;2019;11
HORTALEZA;193730;2019;11
VILLAVERDE;154292;2019;11
VILLA DE VALLECAS;114632;2019;11
VICÁLVARO;74172;2019;11
SAN BLAS-CANILLEJAS;161583;2019;11
BARAJAS;50142;2019;11
CENTRO;140991;2019;12
ARGANZUELA;156176;2019;12
RETIRO;120873;2019;12
SALAMANCA;148405;2019;12
CHAMARTÍN;148039;2019;12
TETUÁN;161991;2019;12
CHAMBERÍ;141397;2019;12
FUENCARRAL - EL PARDO;250636;2019;12
MONCLOA - ARAVACA;122164;2019;12
LATINA;242923;2019;12
CARABANCHEL;261118;2019;12
USERA;143365;2019;12
PUENTE DE VALLECAS;241666;2019;12
MORATALAZ;95907;2019;12
CIUDAD LINEAL;220598;2019;12
HORTALEZA;193833;2019;12
VILLAVERDE;154915;2019;12
VILLA DE VALLECAS;114832;2019;12
VICÁLVARO;74235;2019;12
SAN BLAS-CANILLEJAS;161672;2019;12
BARAJAS;50158;2019;12
CENTRO;140790;2020;1
ARGANZUELA;156232;2020;1
RETIRO;120856;2020;1
SALAMANCA;148264;2020;1
CHAMARTÍN;148137;2020;1
TETUÁN;161946;2020;1
CHAMBERÍ;141384;2020;1
FUENCARRAL - EL PARDO;250891;2020;1
MONCLOA - ARAVACA;122214;2020;1
LATINA;243313;2020;1
CARABANCHEL;261480;2020;1
USERA;143371;2020;1
PUENTE DE VALLECAS;241965;2020;1
MORATALAZ;95728;2020;1
CIUDAD LINEAL;220803;2020;1
HORTALEZA;194203;2020;1
VILLAVERDE;155208;2020;1
VILLA DE VALLECAS;115173;2020;1
VICÁLVARO;74419;2020;1
SAN BLAS-CANILLEJAS;161890;2020;1
BARAJAS;50269;2020;1
CENTRO;141170;2020;2
ARGANZUELA;156460;2020;2
RETIRO;120837;2020;2
SALAMANCA;148391;2020;2
CHAMARTÍN;148107;2020;2
TETUÁN;162295;2020;2
CHAMBERÍ;141513;2020;2
FUENCARRAL - EL PARDO;251179;2020;2
MONCLOA - ARAVACA;122385;2020;2
LATINA;243609;2020;2
CARABANCHEL;262019;2020;2
USERA;143744;2020;2
PUENTE DE VALLECAS;242675;2020;2
MORATALAZ;95788;2020;2
CIUDAD LINEAL;220964;2020;2
HORTALEZA;194490;2020;2
VILLAVERDE;155665;2020;2
VILLA DE VALLECAS;115398;2020;2
VICÁLVARO;74553;2020;2
SAN BLAS-CANILLEJAS;162242;2020;2
BARAJAS;50295;2020;2
CENTRO;141118;2020;3
ARGANZUELA;156417;2020;3
RETIRO;120759;2020;3
SALAMANCA;148305;2020;3
CHAMARTÍN;148060;2020;3
TETUÁN;162254;2020;3
CHAMBERÍ;141416;2020;3
FUENCARRAL - EL PARDO;251116;2020;3
MONCLOA - ARAVACA;122254;2020;3
LATINA;243563;2020;3
CARABANCHEL;262007;2020;3
USERA;143687;2020;3
PUENTE DE VALLECAS;242732;2020;3
MORATALAZ;95768;2020;3
CIUDAD LINEAL;220916;2020;3
HORTALEZA;194498;2020;3
VILLAVERDE;155537;2020;3
VILLA DE VALLECAS;115375;2020;3
VICÁLVARO;74567;2020;3
SAN BLAS-CANILLEJAS;162083;2020;3
BARAJAS;50286;2020;3
CENTRO;140960;2020;4
ARGANZUELA;156309;2020;4
RETIRO;120589;2020;4
SALAMANCA;148125;2020;4
CHAMARTÍN;147957;2020;4
TETUÁN;162057;2020;4
CHAMBERÍ;141254;2020;4
FUENCARRAL - EL PARDO;251063;2020;4
MONCLOA - ARAVACA;122083;2020;4
LATINA;243214;2020;4
CARABANCHEL;261610;2020;4
USERA;143490;2020;4
PUENTE DE VALLECAS;242406;2020;4
MORATALAZ;95592;2020;4
CIUDAD LINEAL;220727;2020;4
HORTALEZA;194514;2020;4
VILLAVERDE;155389;2020;4
VILLA DE VALLECAS;115366;2020;4
VICÁLVARO;74539;2020;4
SAN BLAS-CANILLEJAS;161915;2020;4
BARAJAS;50287;2020;4
CENTRO;141160;2020;5
ARGANZUELA;156494;2020;5
RETIRO;120669;2020;5
SALAMANCA;148159;2020;5
CHAMARTÍN;148043;2020;5
TETUÁN;162204;2020;5
CHAMBERÍ;141257;2020;5
FUENCARRAL - EL PARDO;251382;2020;5
MONCLOA - ARAVACA;122217;2020;5
LATINA;243397;2020;5
CARABANCHEL;261859;2020;5
USERA;143644;2020;5
PUENTE DE VALLECAS;242706;2020;5
MORATALAZ;95664;2020;5
CIUDAD LINEAL;220849;2020;5
HORTALEZA;194857;2020;5
VILLAVERDE;155556;2020;5
VILLA DE VALLECAS;115580;2020;5
VICÁLVARO;74636;2020;5
SAN BLAS-CANILLEJAS;162058;2020;5
BARAJAS;50345;2020;5
CENTRO;140360;2020;6
ARGANZUELA;156010;2020;6
RETIRO;120238;2020;6
SALAMANCA;147349;2020;6
CHAMARTÍN;147483;2020;6
TETUÁN;161233;2020;6
CHAMBERÍ;140516;2020;6
FUENCARRAL - EL PARDO;250655;2020;6
MONCLOA - ARAVACA;121880;2020;6
LATINA;242447;2020;6
CARABANCHEL;260801;2020;6
USERA;143141;2020;6
PUENTE DE VALLECAS;241901;2020;6
MORATALAZ;95375;2020;6
CIUDAD LINEAL;220118;2020;6
HORTALEZA;194529;2020;6
VILLAVERDE;155149;2020;6
VILLA DE VALLECAS;115495;2020;6
VICÁLVARO;74577;2020;6
SAN BLAS-CANILLEJAS;161696;2020;6
BARAJAS;50320;2020;6
CENTRO;140586;2020;7
ARGANZUELA;155649;2020;7
RETIRO;119970;2020;7
SALAMANCA;147047;2020;7
CHAMARTÍN;147291;2020;7
TETUÁN;161169;2020;7
CHAMBERÍ;140262;2020;7
FUENCARRAL - EL PARDO;250067;2020;7
MONCLOA - ARAVACA;121630;2020;7
LATINA;242262;2020;7
CARABANCHEL;260777;2020;7
USERA;143207;2020;7
PUENTE DE VALLECAS;241445;2020;7
MORATALAZ;95108;2020;7
CIUDAD LINEAL;219692;2020;7
HORTALEZA;194269;2020;7
VILLAVERDE;155277;2020;7
VILLA DE VALLECAS;115229;2020;7
VICÁLVARO;74575;2020;7
SAN BLAS-CANILLEJAS;161443;2020;7
BARAJAS;50237;2020;7
CENTRO;140801;2020;8
ARGANZUELA;155509;2020;8
RETIRO;119818;2020;8
SALAMANCA;146946;2020;8
CHAMARTÍN;147187;2020;8
TETUÁN;161278;2020;8
CHAMBERÍ;140072;2020;8
FUENCARRAL - EL PARDO;249875;2020;8
MONCLOA - ARAVACA;121487;2020;8
LATINA;242228;2020;8
CARABANCHEL;260830;2020;8
USERA;143403;2020;8
PUENTE DE VALLECAS;241434;2020;8
MORATALAZ;94985;2020;8
CIUDAD LINEAL;219446;2020;8
HORTALEZA;194231;2020;8
VILLAVERDE;155459;2020;8
VILLA DE VALLECAS;115288;2020;8
VICÁLVARO;74831;2020;8
SAN BLAS-CANILLEJAS;161320;2020;8
BARAJAS;50244;2020;8
CENTRO;140645;2020;9
ARGANZUELA;155498;2020;9
RETIRO;119643;2020;9
SALAMANCA;146626;2020;9
CHAMARTÍN;146892;2020;9
TETUÁN;160886;2020;9
CHAMBERÍ;139930;2020;9
FUENCARRAL - EL PARDO;249435;2020;9
MONCLOA - ARAVACA;121439;2020;9
LATINA;241715;2020;9
CARABANCHEL;260247;2020;9
USERA;143118;2020;9
PUENTE DE VALLECAS;240745;2020;9
MORATALAZ;94785;2020;9
CIUDAD LINEAL;218960;2020;9
HORTALEZA;194140;2020;9
VILLAVERDE;155390;2020;9
VILLA DE VALLECAS;115275;2020;9
VICÁLVARO;74971;2020;9
SAN BLAS-CANILLEJAS;161233;2020;9
BARAJAS;50228;2020;9
CENTRO;141534;2020;10
ARGANZUELA;155544;2020;10
RETIRO;119634;2020;10
SALAMANCA;146820;2020;10
CHAMARTÍN;146980;2020;10
TETUÁN;160964;2020;10
CHAMBERÍ;140018;2020;10
FUENCARRAL - EL PARDO;249429;2020;10
MONCLOA - ARAVACA;121588;2020;10
LATINA;241821;2020;10
CARABANCHEL;260436;2020;10
USERA;143289;2020;10
PUENTE DE VALLECAS;240625;2020;10
MORATALAZ;94696;2020;10
CIUDAD LINEAL;218730;2020;10
HORTALEZA;194030;2020;10
VILLAVERDE;155591;2020;10
VILLA DE VALLECAS;115387;2020;10
VICÁLVARO;75299;2020;10
SAN BLAS-CANILLEJAS;161212;2020;10
BARAJAS;50324;2020;10
CENTRO;141943;2020;11
ARGANZUELA;155287;2020;11
RETIRO;119284;2020;11
SALAMANCA;146779;2020;11
CHAMARTÍN;146579;2020;11
TETUÁN;160823;2020;11
CHAMBERÍ;139672;2020;11
FUENCARRAL - EL PARDO;248971;2020;11
MONCLOA - ARAVACA;121518;2020;11
LATINA;241648;2020;11
CARABANCHEL;260148;2020;11
USERA;143302;2020;11
PUENTE DE VALLECAS;240448;2020;11
MORATALAZ;94462;2020;11
CIUDAD LINEAL;218145;2020;11
HORTALEZA;194125;2020;11
VILLAVERDE;155578;2020;11
VILLA DE VALLECAS;115299;2020;11
VICÁLVARO;75648;2020;11
SAN BLAS-CANILLEJAS;161106;2020;11
BARAJAS;50285;2020;11
CENTRO;142033;2020;12
ARGANZUELA;154996;2020;12
RETIRO;119092;2020;12
SALAMANCA;146667;2020;12
CHAMARTÍN;146351;2020;12
TETUÁN;160621;2020;12
CHAMBERÍ;139391;2020;12
FUENCARRAL - EL PARDO;248707;2020;12
MONCLOA - ARAVACA;121407;2020;12
LATINA;241375;2020;12
CARABANCHEL;259760;2020;12
USERA;143093;2020;12
PUENTE DE VALLECAS;240075;2020;12
MORATALAZ;94203;2020;12
CIUDAD LINEAL;217821;2020;12
HORTALEZA;193927;2020;12
VILLAVERDE;155451;2020;12
VILLA DE VALLECAS;115185;2020;12
VICÁLVARO;75734;2020;12
SAN BLAS-CANILLEJAS;160959;2020;12
BARAJAS;50271;2020;12
CENTRO;142099;2021;1
ARGANZUELA;154809;2021;1
RETIRO;119006;2021;1
SALAMANCA;146698;2021;1
CHAMARTÍN;146230;2021;1
TETUÁN;160390;2021;1
CHAMBERÍ;139167;2021;1
FUENCARRAL - EL PARDO;248384;2021;1
MONCLOA - ARAVACA;121339;2021;1
LATINA;241013;2021;1
CARABANCHEL;259535;2021;1
USERA;142955;2021;1
PUENTE DE VALLECAS;239736;2021;1
MORATALAZ;94113;2021;1
CIUDAD LINEAL;217622;2021;1
HORTALEZA;193789;2021;1
VILLAVERDE;155313;2021;1
VILLA DE VALLECAS;115062;2021;1
VICÁLVARO;75783;2021;1
SAN BLAS-CANILLEJAS;160738;2021;1
BARAJAS;50266;2021;1
CENTRO;140659;2021;2
ARGANZUELA;153974;2021;2
RETIRO;118387;2021;2
SALAMANCA;145316;2021;2
CHAMARTÍN;145400;2021;2
TETUÁN;158781;2021;2
CHAMBERÍ;137996;2021;2
FUENCARRAL - EL PARDO;247161;2021;2
MONCLOA - ARAVACA;120714;2021;2
LATINA;239076;2021;2
CARABANCHEL;257390;2021;2
USERA;141625;2021;2
PUENTE DE VALLECAS;237967;2021;2
MORATALAZ;93606;2021;2
CIUDAD LINEAL;216123;2021;2
HORTALEZA;192945;2021;2
VILLAVERDE;154141;2021;2
VILLA DE VALLECAS;114685;2021;2
VICÁLVARO;75821;2021;2
SAN BLAS-CANILLEJAS;160059;2021;2
BARAJAS;50065;2021;2
CENTRO;141399;2021;3
ARGANZUELA;153974;2021;3
RETIRO;118370;2021;3
SALAMANCA;145603;2021;3
CHAMARTÍN;145619;2021;3
TETUÁN;159006;2021;3
CHAMBERÍ;138095;2021;3
FUENCARRAL - EL PARDO;247434;2021;3
MONCLOA - ARAVACA;120895;2021;3
LATINA;239403;2021;3
CARABANCHEL;257859;2021;3
USERA;141915;2021;3
PUENTE DE VALLECAS;238227;2021;3
MORATALAZ;93590;2021;3
CIUDAD LINEAL;216385;2021;3
HORTALEZA;193263;2021;3
VILLAVERDE;154504;2021;3
VILLA DE VALLECAS;114705;2021;3
VICÁLVARO;76186;2021;3
SAN BLAS-CANILLEJAS;160148;2021;3
BARAJAS;50101;2021;3
CENTRO;141320;2021;4
ARGANZUELA;153871;2021;4
RETIRO;118278;2021;4
SALAMANCA;145510;2021;4
CHAMARTÍN;145440;2021;4
TETUÁN;158768;2021;4
CHAMBERÍ;137872;2021;4
FUENCARRAL - EL PARDO;247501;2021;4
MONCLOA - ARAVACA;120837;2021;4
LATINA;239242;2021;4
CARABANCHEL;257507;2021;4
USERA;141854;2021;4
PUENTE DE VALLECAS;238077;2021;4
MORATALAZ;93456;2021;4
CIUDAD LINEAL;216206;2021;4
HORTALEZA;193486;2021;4
VILLAVERDE;154547;2021;4
VILLA DE VALLECAS;114815;2021;4
VICÁLVARO;76623;2021;4
SAN BLAS-CANILLEJAS;160281;2021;4
BARAJAS;50137;2021;4
CENTRO;141001;2021;5
ARGANZUELA;153649;2021;5
RETIRO;118036;2021;5
SALAMANCA;145241;2021;5
CHAMARTÍN;145181;2021;5
TETUÁN;158331;2021;5
CHAMBERÍ;137622;2021;5
FUENCARRAL - EL PARDO;247166;2021;5
MONCLOA - ARAVACA;120743;2021;5
LATINA;238671;2021;5
CARABANCHEL;256840;2021;5
USERA;141538;2021;5
PUENTE DE VALLECAS;237262;2021;5
MORATALAZ;93303;2021;5
CIUDAD LINEAL;215615;2021;5
HORTALEZA;193313;2021;5
VILLAVERDE;154263;2021;5
VILLA DE VALLECAS;114618;2021;5
VICÁLVARO;76886;2021;5
SAN BLAS-CANILLEJAS;160045;2021;5
BARAJAS;50093;2021;5
CENTRO;141323;2021;6
ARGANZUELA;153851;2021;6
RETIRO;118283;2021;6
SALAMANCA;145711;2021;6
CHAMARTÍN;145251;2021;6
TETUÁN;158574;2021;6
CHAMBERÍ;137721;2021;6
FUENCARRAL - EL PARDO;247455;2021;6
MONCLOA - ARAVACA;121032;2021;6
LATINA;238949;2021;6
CARABANCHEL;257350;2021;6
USERA;141689;2021;6
PUENTE DE VALLECAS;237440;2021;6
MORATALAZ;93232;2021;6
CIUDAD LINEAL;215790;2021;6
HORTALEZA;193695;2021;6
VILLAVERDE;154515;2021;6
VILLA DE VALLECAS;114839;2021;6
VICÁLVARO;77426;2021;6
SAN BLAS-CANILLEJAS;160032;2021;6
BARAJAS;50185;2021;6
CENTRO;141470;2021;7
ARGANZUELA;153797;2021;7
RETIRO;118246;2021;7
SALAMANCA;145775;2021;7
CHAMARTÍN;145049;2021;7
TETUÁN;158548;2021;7
CHAMBERÍ;137793;2021;7
FUENCARRAL - EL PARDO;247389;2021;7
MONCLOA - ARAVACA;121058;2021;7
LATINA;238869;2021;7
CARABANCHEL;257170;2021;7
USERA;141584;2021;7
PUENTE DE VALLECAS;237230;2021;7
MORATALAZ;93041;2021;7
CIUDAD LINEAL;215557;2021;7
HORTALEZA;193742;2021;7
VILLAVERDE;154466;2021;7
VILLA DE VALLECAS;114898;2021;7
VICÁLVARO;77730;2021;7
SAN BLAS-CANILLEJAS;159795;2021;7
BARAJAS;50158;2021;7
CENTRO;141615;2021;8
ARGANZUELA;153886;2021;8
RETIRO;118317;2021;8
SALAMANCA;145952;2021;8
CHAMARTÍN;145013;2021;8
TETUÁN;158622;2021;8
CHAMBERÍ;137891;2021;8
FUENCARRAL - EL PARDO;247294;2021;8
MONCLOA - ARAVACA;121074;2021;8
LATINA;238857;2021;8
CARABANCHEL;257369;2021;8
USERA;141661;2021;8
PUENTE DE VALLECAS;237444;2021;8
MORATALAZ;93054;2021;8
CIUDAD LINEAL;215572;2021;8
HORTALEZA;193909;2021;8
VILLAVERDE;154554;2021;8
VILLA DE VALLECAS;115087;2021;8
VICÁLVARO;78134;2021;8
SAN BLAS-CANILLEJAS;159874;2021;8
BARAJAS;50260;2021;8
CENTRO;141512;2021;9
ARGANZUELA;153692;2021;9
RETIRO;118301;2021;9
SALAMANCA;146375;2021;9
CHAMARTÍN;145078;2021;9
TETUÁN;158505;2021;9
CHAMBERÍ;138086;2021;9
FUENCARRAL - EL PARDO;247243;2021;9
MONCLOA - ARAVACA;121073;2021;9
LATINA;238646;2021;9
CARABANCHEL;257006;2021;9
USERA;141622;2021;9
PUENTE DE VALLECAS;237160;2021;9
MORATALAZ;92905;2021;9
CIUDAD LINEAL;215284;2021;9
HORTALEZA;194117;2021;9
VILLAVERDE;154660;2021;9
VILLA DE VALLECAS;115175;2021;9
VICÁLVARO;78409;2021;9
SAN BLAS-CANILLEJAS;159577;2021;9
BARAJAS;50275;2021;9
CENTRO;141959;2021;10
ARGANZUELA;153725;2021;10
RETIRO;118386;2021;10
SALAMANCA;146792;2021;10
CHAMARTÍN;145275;2021;10
TETUÁN;158610;2021;10
CHAMBERÍ;138356;2021;10
FUENCARRAL - EL PARDO;247306;2021;10
MONCLOA - ARAVACA;121078;2021;10
LATINA;238564;2021;10
CARABANCHEL;256881;2021;10
USERA;141463;2021;10
PUENTE DE VALLECAS;236794;2021;10
MORATALAZ;92822;2021;10
CIUDAD LINEAL;215115;2021;10
HORTALEZA;194163;2021;10
VILLAVERDE;154557;2021;10
VILLA DE VALLECAS;115221;2021;10
VICÁLVARO;78818;2021;10
SAN BLAS-CANILLEJAS;159653;2021;10
BARAJAS;50243;2021;10
CENTRO;142436;2021;11
ARGANZUELA;153982;2021;11
RETIRO;118546;2021;11
SALAMANCA;147206;2021;11
CHAMARTÍN;145477;2021;11
TETUÁN;159053;2021;11
CHAMBERÍ;138783;2021;11
FUENCARRAL - EL PARDO;247801;2021;11
MONCLOA - ARAVACA;121312;2021;11
LATINA;238985;2021;11
CARABANCHEL;257632;2021;11
USERA;142037;2021;11
PUENTE DE VALLECAS;237512;2021;11
MORATALAZ;92966;2021;11
CIUDAD LINEAL;215541;2021;11
HORTALEZA;194568;2021;11
VILLAVERDE;155047;2021;11
VILLA DE VALLECAS;115473;2021;11
VICÁLVARO;79435;2021;11
SAN BLAS-CANILLEJAS;159985;2021;11
BARAJAS;50359;2021;11
CENTRO;140183;2021;12
ARGANZUELA;153027;2021;12
RETIRO;117972;2021;12
SALAMANCA;145941;2021;12
CHAMARTÍN;144670;2021;12
TETUÁN;157856;2021;12
CHAMBERÍ;137729;2021;12
FUENCARRAL - EL PARDO;246859;2021;12
MONCLOA - ARAVACA;120746;2021;12
LATINA;237780;2021;12
CARABANCHEL;256283;2021;12
USERA;141220;2021;12
PUENTE DE VALLECAS;236336;2021;12
MORATALAZ;92659;2021;12
CIUDAD LINEAL;214613;2021;12
HORTALEZA;193797;2021;12
VILLAVERDE;154305;2021;12
VILLA DE VALLECAS;115108;2021;12
VICÁLVARO;79442;2021;12
SAN BLAS-CANILLEJAS;159291;2021;12
BARAJAS;50216;2021;12
CENTRO;140534;2022;1
ARGANZUELA;153433;2022;1
RETIRO;118138;2022;1
SALAMANCA;146173;2022;1
CHAMARTÍN;144940;2022;1
TETUÁN;158339;2022;1
CHAMBERÍ;137929;2022;1
FUENCARRAL - EL PARDO;247277;2022;1
MONCLOA - ARAVACA;120777;2022;1
LATINA;238317;2022;1
CARABANCHEL;257214;2022;1
USERA;141610;2022;1
PUENTE DE VALLECAS;237062;2022;1
MORATALAZ;92766;2022;1
CIUDAD LINEAL;215152;2022;1
HORTALEZA;194208;2022;1
VILLAVERDE;154800;2022;1
VILLA DE VALLECAS;115479;2022;1
VICÁLVARO;79821;2022;1
SAN BLAS-CANILLEJAS;159693;2022;1
BARAJAS;50252;2022;1
CENTRO;140359;2022;2
ARGANZUELA;153389;2022;2
RETIRO;118110;2022;2
SALAMANCA;146024;2022;2
CHAMARTÍN;144977;2022;2
TETUÁN;158455;2022;2
CHAMBERÍ;137914;2022;2
FUENCARRAL - EL PARDO;247308;2022;2
MONCLOA - ARAVACA;120713;2022;2
LATINA;238531;2022;2
CARABANCHEL;257353;2022;2
USERA;141655;2022;2
PUENTE DE VALLECAS;237460;2022;2
MORATALAZ;92725;2022;2
CIUDAD LINEAL;215314;2022;2
HORTALEZA;195994;2022;2
VILLAVERDE;155235;2022;2
VILLA DE VALLECAS;115660;2022;2
VICÁLVARO;80358;2022;2
SAN BLAS-CANILLEJAS;160015;2022;2
BARAJAS;48623;2022;2
CENTRO;140495;2022;3
ARGANZUELA;153518;2022;3
RETIRO;118306;2022;3
SALAMANCA;146015;2022;3
CHAMARTÍN;145028;2022;3
TETUÁN;158983;2022;3
CHAMBERÍ;138234;2022;3
FUENCARRAL - EL PARDO;247973;2022;3
MONCLOA - ARAVACA;120992;2022;3
LATINA;239611;2022;3
CARABANCHEL;258858;2022;3
USERA;142331;2022;3
PUENTE DE VALLECAS;238738;2022;3
MORATALAZ;92917;2022;3
CIUDAD LINEAL;216073;2022;3
HORTALEZA;196851;2022;3
VILLAVERDE;156219;2022;3
VILLA DE VALLECAS;116199;2022;3
VICÁLVARO;81058;2022;3
SAN BLAS-CANILLEJAS;160588;2022;3
BARAJAS;48702;2022;3
CENTRO;140678;2022;4
ARGANZUELA;153739;2022;4
RETIRO;118416;2022;4
SALAMANCA;146212;2022;4
CHAMARTÍN;145210;2022;4
TETUÁN;159505;2022;4
CHAMBERÍ;138377;2022;4
FUENCARRAL - EL PARDO;248604;2022;4
MONCLOA - ARAVACA;121218;2022;4
LATINA;240483;2022;4
CARABANCHEL;260017;2022;4
USERA;142878;2022;4
PUENTE DE VALLECAS;239595;2022;4
MORATALAZ;93123;2022;4
CIUDAD LINEAL;216808;2022;4
HORTALEZA;197262;2022;4
VILLAVERDE;156979;2022;4
VILLA DE VALLECAS;116476;2022;4
VICÁLVARO;81588;2022;4
SAN BLAS-CANILLEJAS;160987;2022;4
BARAJAS;48850;2022;4
CENTRO;141001;2022;5
ARGANZUELA;153937;2022;5
RETIRO;118519;2022;5
SALAMANCA;146268;2022;5
CHAMARTÍN;145185;2022;5
TETUÁN;159877;2022;5
CHAMBERÍ;138514;2022;5
FUENCARRAL - EL PARDO;248772;2022;5
MONCLOA - ARAVACA;121422;2022;5
LATINA;241229;2022;5
CARABANCHEL;261317;2022;5
USERA;143338;2022;5
PUENTE DE VALLECAS;240343;2022;5
MORATALAZ;93326;2022;5
CIUDAD LINEAL;217295;2022;5
HORTALEZA;197793;2022;5
VILLAVERDE;157619;2022;5
VILLA DE VALLECAS;116707;2022;5
VICÁLVARO;82027;2022;5
SAN BLAS-CANILLEJAS;161563;2022;5
BARAJAS;48839;2022;5
CENTRO;141072;2022;6
ARGANZUELA;154068;2022;6
RETIRO;118532;2022;6
SALAMANCA;146246;2022;6
CHAMARTÍN;145284;2022;6
TETUÁN;160163;2022;6
CHAMBERÍ;138636;2022;6
FUENCARRAL - EL PARDO;249080;2022;6
MONCLOA - ARAVACA;121646;2022;6
LATINA;241549;2022;6
CARABANCHEL;261906;2022;6
USERA;143516;2022;6
PUENTE DE VALLECAS;240826;2022;6
MORATALAZ;93360;2022;6
CIUDAD LINEAL;218072;2022;6
HORTALEZA;198179;2022;6
VILLAVERDE;157988;2022;6
VILLA DE VALLECAS;116924;2022;6
VICÁLVARO;82302;2022;6
SAN BLAS-CANILLEJAS;161760;2022;6
BARAJAS;48842;2022;6
CENTRO;141143;2022;7
ARGANZUELA;154200;2022;7
RETIRO;118545;2022;7
SALAMANCA;146224;2022;7
CHAMARTÍN;145383;2022;7
TETUÁN;160449;2022;7
CHAMBERÍ;138758;2022;7
FUENCARRAL - EL PARDO;249387;2022;7
MONCLOA - ARAVACA;121869;2022;7
LATINA;241869;2022;7
CARABANCHEL;262496;2022;7
USERA;143695;2022;7
PUENTE DE VALLECAS;241308;2022;7
MORATALAZ;93394;2022;7
CIUDAD LINEAL;218848;2022;7
HORTALEZA;198565;2022;7
VILLAVERDE;158358;2022;7
VILLA DE VALLECAS;117140;2022;7
VICÁLVARO;82577;2022;7
SAN BLAS-CANILLEJAS;161957;2022;7
BARAJAS;48846;2022;7
CENTRO;140024;2022;8
ARGANZUELA;153725;2022;8
RETIRO;118263;2022;8
SALAMANCA;145498;2022;8
CHAMARTÍN;144802;2022;8
TETUÁN;159930;2022;8
CHAMBERÍ;138195;2022;8
FUENCARRAL - EL PARDO;248875;2022;8
MONCLOA - ARAVACA;121626;2022;8
LATINA;241467;2022;8
CARABANCHEL;262037;2022;8
USERA;143414;2022;8
PUENTE DE VALLECAS;241102;2022;8
MORATALAZ;93294;2022;8
CIUDAD LINEAL;218566;2022;8
HORTALEZA;198350;2022;8
VILLAVERDE;158253;2022;8
VILLA DE VALLECAS;117029;2022;8
VICÁLVARO;82670;2022;8
SAN BLAS-CANILLEJAS;161713;2022;8
BARAJAS;48734;2022;8
CENTRO;140723;2022;9
ARGANZUELA;154118;2022;9
RETIRO;118444;2022;9
SALAMANCA;146447;2022;9
CHAMARTÍN;145368;2022;9
TETUÁN;160729;2022;9
CHAMBERÍ;138881;2022;9
FUENCARRAL - EL PARDO;249290;2022;9
MONCLOA - ARAVACA;122097;2022;9
LATINA;241978;2022;9
CARABANCHEL;262970;2022;9
USERA;143635;2022;9
PUENTE DE VALLECAS;241863;2022;9
MORATALAZ;93399;2022;9
CIUDAD LINEAL;219384;2022;9
HORTALEZA;198926;2022;9
VILLAVERDE;158870;2022;9
VILLA DE VALLECAS;117415;2022;9
VICÁLVARO;83029;2022;9
SAN BLAS-CANILLEJAS;162002;2022;9
BARAJAS;48808;2022;9
CENTRO;141405;2022;10
ARGANZUELA;154371;2022;10
RETIRO;118639;2022;10
SALAMANCA;147055;2022;10
CHAMARTÍN;145630;2022;10
TETUÁN;161166;2022;10
CHAMBERÍ;139374;2022;10
FUENCARRAL - EL PARDO;249603;2022;10
MONCLOA - ARAVACA;122360;2022;10
LATINA;242282;2022;10
CARABANCHEL;263539;2022;10
USERA;143803;2022;10
PUENTE DE VALLECAS;242531;2022;10
MORATALAZ;93446;2022;10
CIUDAD LINEAL;219846;2022;10
HORTALEZA;199141;2022;10
VILLAVERDE;159298;2022;10
VILLA DE VALLECAS;117674;2022;10
VICÁLVARO;83391;2022;10
SAN BLAS-CANILLEJAS;162141;2022;10
BARAJAS;48880;2022;10
CENTRO;139924;2022;11
ARGANZUELA;153732;2022;11
RETIRO;118186;2022;11
SALAMANCA;146033;2022;11
CHAMARTÍN;145030;2022;11
TETUÁN;160169;2022;11
CHAMBERÍ;138658;2022;11
FUENCARRAL - EL PARDO;248755;2022;11
MONCLOA - ARAVACA;122024;2022;11
LATINA;241738;2022;11
CARABANCHEL;262348;2022;11
USERA;142799;2022;11
PUENTE DE VALLECAS;241236;2022;11
MORATALAZ;93069;2022;11
CIUDAD LINEAL;219963;2022;11
HORTALEZA;198477;2022;11
VILLAVERDE;158913;2022;11
VILLA DE VALLECAS;117392;2022;11
VICÁLVARO;83498;2022;11
SAN BLAS-CANILLEJAS;161363;2022;11
BARAJAS;48728;2022;11
