Distrito;ha de ZONAS VERDES Y PARQUES en distrito ;anyo
CENTRO;30,45;2024
ARGANZUELA;90,3;2024
RETIRO;36,71;2024
SALAMANCA;35,72;2024
CHAMARTIN;56,09;2024
TETUAN;63,1;2024
CHAMBERI;9,99;2024
FUENCARRALELPARDO;374,5;2024
MONCLOAARAVACA;189,1;2024
LATINA;260,89;2024
CARABANCHEL;255,76;2024
USERA;167,8;2024
PUENTE DE VALLECAS;280,68;2024
MORATALAZ;117,59;2024
CIUDADLINEAL;134,96;2024
HORTALEZA;324,82;2024
VILLAVERDE;216,58;2024
VILLADEVALLECAS;300,84;2024
VICALVARO;197,41;2024
SANBLASCANILLEJAS;180,45;2024
BARAJAS;106,36;2024
CENTRO;31,48;2023
ARGANZUELA;90,71;2023
RETIRO;37,64;2023
SALAMANCA;35,79;2023
CHAMARTIN;56,41;2023
TETUAN;63,7;2023
CHAMBERI;9,9;2023
FUENCARRALELPARDO;368,19;2023
MONCLOAARAVACA;187,47;2023
LATINA;276,95;2023
CARABANCHEL;229,76;2023
USERA;167,85;2023
PUENTE DE VALLECAS;279,58;2023
MORATALAZ;117,81;2023
CIUDADLINEAL;133,67;2023
HORTALEZA;323,59;2023
VILLAVERDE;216,11;2023
VILLADEVALLECAS;309,29;2023
VICALVARO;195,53;2023
SANBLASCANILLEJAS;175,02;2023
BARAJAS;101,68;2023
CENTRO;31,76;2022
ARGANZUELA;90,82;2022
RETIRO;36,54;2022
SALAMANCA;35,87;2022
CHAMARTIN;55,98;2022
TETUAN;62,51;2022
CHAMBERI;11,12;2022
FUENCARRALELPARDO;360,35;2022
MONCLOAARAVACA;188,39;2022
LATINA;274,79;2022
CARABANCHEL;229,46;2022
USERA;167,45;2022
PUENTE DE VALLECAS;279,58;2022
MORATALAZ;117,79;2022
CIUDADLINEAL;132,91;2022
HORTALEZA;325,38;2022
VILLAVERDE;216,23;2022
VILLADEVALLECAS;308,09;2022
VICALVARO;195,64;2022
SANBLASCANILLEJAS;178,35;2022
BARAJAS;93,35;2022
CENTRO;4,66;2021
CENTRO;3,53;2021
CENTRO;2,26;2021
CENTRO;1,99;2021
CENTRO;1,94;2021
CENTRO;1,21;2021
CENTRO;1,19;2021
CENTRO;1,07;2021
CENTRO;1;2021
CENTRO;0,58;2021
CENTRO;0,56;2021
CENTRO;0,55;2021
CENTRO;0,48;2021
ARGANZUELA;40,14;2021
ARGANZUELA;2,88;2021
ARGANZUELA;2,74;2021
ARGANZUELA;2,69;2021
ARGANZUELA;2,22;2021
ARGANZUELA;2,09;2021
ARGANZUELA;1,33;2021
ARGANZUELA;1,26;2021
ARGANZUELA;1,25;2021
ARGANZUELA;1,18;2021
ARGANZUELA;1,16;2021
ARGANZUELA;1,07;2021
ARGANZUELA;1,04;2021
ARGANZUELA;0,9;2021
ARGANZUELA;0,9;2021
ARGANZUELA;0,89;2021
RETIRO;11,21;2021
RETIRO;3,37;2021
RETIRO;2,16;2021
RETIRO;1,74;2021
RETIRO;1,36;2021
RETIRO;1,29;2021
RETIRO;0,96;2021
RETIRO;0,86;2021
RETIRO;0,68;2021
RETIRO;0,55;2021
RETIRO;0,53;2021
SALAMANCA;4,7;2021
SALAMANCA;4,3;2021
SALAMANCA;3,3;2021
SALAMANCA;2,97;2021
SALAMANCA;2,23;2021
SALAMANCA;2,16;2021
SALAMANCA;2,02;2021
SALAMANCA;1,09;2021
SALAMANCA;1,04;2021
SALAMANCA;0,95;2021
SALAMANCA;0,87;2021
SALAMANCA;0,51;2021
CHAMARTIN;5,02;2021
CHAMARTIN;4,91;2021
CHAMARTIN;2,5;2021
CHAMARTIN;1,72;2021
CHAMARTIN;1,53;2021
CHAMARTIN;1,48;2021
CHAMARTIN;1,43;2021
CHAMARTIN;1,29;2021
CHAMARTIN;1,24;2021
CHAMARTIN;1,2;2021
CHAMARTIN;1,14;2021
CHAMARTIN;1,1;2021
CHAMARTIN;1,08;2021
CHAMARTIN;1,04;2021
CHAMARTIN;1,03;2021
CHAMARTIN;1,05;2021
TETUAN;17,79;2021
TETUAN;13,16;2021
TETUAN;10,27;2021
TETUAN;2,01;2021
TETUAN;1,88;2021
TETUAN;1,75;2021
TETUAN;1,71;2021
TETUAN;1,09;2021
TETUAN;1,02;2021
TETUAN;0,89;2021
TETUAN;0,58;2021
TETUAN;0,55;2021
TETUAN;0,54;2021
TETUAN;0,47;2021
CHAMBERI;2,53;2021
CHAMBERI;0,71;2021
CHAMBERI;0,67;2021
CHAMBERI;0,57;2021
CHAMBERI;0,56;2021
CHAMBERI;0,53;2021
CHAMBERI;0,38;2021
CHAMBERI;0,38;2021
CHAMBERI;0,31;2021
CHAMBERI;0,28;2021
CHAMBERI;0,27;2021
FUENCARRALELPARDO;46,83;2021
FUENCARRALELPARDO;19,53;2021
FUENCARRALELPARDO;11,89;2021
FUENCARRALELPARDO;11,97;2021
FUENCARRALELPARDO;11,08;2021
FUENCARRALELPARDO;10,76;2021
FUENCARRALELPARDO;10,37;2021
FUENCARRALELPARDO;10,19;2021
FUENCARRALELPARDO;8,71;2021
FUENCARRALELPARDO;6,22;2021
FUENCARRALELPARDO;6,18;2021
FUENCARRALELPARDO;6,17;2021
FUENCARRALELPARDO;6,11;2021
FUENCARRALELPARDO;5,59;2021
FUENCARRALELPARDO;5,05;2021
FUENCARRALELPARDO;4,92;2021
FUENCARRALELPARDO;4,4;2021
FUENCARRALELPARDO;4,22;2021
FUENCARRALELPARDO;3,79;2021
FUENCARRALELPARDO;3,51;2021
FUENCARRALELPARDO;3,34;2021
FUENCARRALELPARDO;3,33;2021
FUENCARRALELPARDO;3,34;2021
FUENCARRALELPARDO;3,27;2021
FUENCARRALELPARDO;3,17;2021
FUENCARRALELPARDO;3,09;2021
FUENCARRALELPARDO;3,07;2021
FUENCARRALELPARDO;3,02;2021
FUENCARRALELPARDO;2,91;2021
FUENCARRALELPARDO;2,73;2021
FUENCARRALELPARDO;2,66;2021
FUENCARRALELPARDO;2,57;2021
FUENCARRALELPARDO;2,56;2021
FUENCARRALELPARDO;2,49;2021
FUENCARRALELPARDO;2,46;2021
FUENCARRALELPARDO;2,44;2021
FUENCARRALELPARDO;2,44;2021
FUENCARRALELPARDO;2,37;2021
FUENCARRALELPARDO;1,6;2021
FUENCARRALELPARDO;2,32;2021
FUENCARRALELPARDO;2,17;2021
FUENCARRALELPARDO;2,11;2021
FUENCARRALELPARDO;2,05;2021
FUENCARRALELPARDO;1,99;2021
FUENCARRALELPARDO;1,8;2021
FUENCARRALELPARDO;1,79;2021
FUENCARRALELPARDO;1,77;2021
FUENCARRALELPARDO;1,76;2021
FUENCARRALELPARDO;1,72;2021
FUENCARRALELPARDO;1,68;2021
MONCLOAARAVACA;21,24;2021
MONCLOAARAVACA;11,02;2021
MONCLOAARAVACA;10,49;2021
MONCLOAARAVACA;9,18;2021
MONCLOAARAVACA;7,96;2021
MONCLOAARAVACA;7,88;2021
MONCLOAARAVACA;7,09;2021
MONCLOAARAVACA;6,97;2021
MONCLOAARAVACA;6,73;2021
MONCLOAARAVACA;4,45;2021
MONCLOAARAVACA;4,39;2021
MONCLOAARAVACA;4,21;2021
MONCLOAARAVACA;4,08;2021
MONCLOAARAVACA;3,88;2021
MONCLOAARAVACA;3,8;2021
MONCLOAARAVACA;3,68;2021
MONCLOAARAVACA;2,84;2021
MONCLOAARAVACA;2,78;2021
MONCLOAARAVACA;2,64;2021
MONCLOAARAVACA;2,52;2021
MONCLOAARAVACA;2,38;2021
MONCLOAARAVACA;2,26;2021
MONCLOAARAVACA;2,24;2021
MONCLOAARAVACA;2,15;2021
MONCLOAARAVACA;2,07;2021
MONCLOAARAVACA;1,7;2021
MONCLOAARAVACA;1,65;2021
MONCLOAARAVACA;1,49;2021
MONCLOAARAVACA;1,47;2021
MONCLOAARAVACA;1,46;2021
MONCLOAARAVACA;1,44;2021
MONCLOAARAVACA;1,38;2021
MONCLOAARAVACA;1,36;2021
MONCLOAARAVACA;1,35;2021
LATINA;65,68;2021
LATINA;45,29;2021
LATINA;27,56;2021
LATINA;17,23;2021
LATINA;14,32;2021
LATINA;5,57;2021
LATINA;4,86;2021
LATINA;4,11;2021
LATINA;4,02;2021
LATINA;3,7;2021
LATINA;3,69;2021
LATINA;3,31;2021
LATINA;2,75;2021
LATINA;2,74;2021
LATINA;2,45;2021
LATINA;2,23;2021
LATINA;2,22;2021
LATINA;2,16;2021
LATINA;2,13;2021
LATINA;2,09;2021
LATINA;1,9;2021
LATINA;1,6;2021
LATINA;1,55;2021
LATINA;1,51;2021
LATINA;1,25;2021
LATINA;1,22;2021
LATINA;1,2;2021
LATINA;1,12;2021
LATINA;1,09;2021
LATINA;1,02;2021
LATINA;1;2021
LATINA;1;2021
CARABANCHEL;62,29;2021
CARABANCHEL;24,9;2021
CARABANCHEL;15,78;2021
CARABANCHEL;14,38;2021
CARABANCHEL;12,11;2021
CARABANCHEL;5,59;2021
CARABANCHEL;5,12;2021
CARABANCHEL;4,26;2021
CARABANCHEL;3,72;2021
CARABANCHEL;3,53;2021
CARABANCHEL;3,44;2021
CARABANCHEL;3,14;2021
CARABANCHEL;2,9;2021
CARABANCHEL;2,79;2021
CARABANCHEL;2,46;2021
CARABANCHEL;2,19;2021
CARABANCHEL;2,12;2021
CARABANCHEL;2,05;2021
CARABANCHEL;2;2021
CARABANCHEL;1,8;2021
CARABANCHEL;1,75;2021
CARABANCHEL;1,75;2021
CARABANCHEL;1,72;2021
CARABANCHEL;1,56;2021
CARABANCHEL;1,44;2021
CARABANCHEL;1,35;2021
CARABANCHEL;1,29;2021
CARABANCHEL;1,25;2021
CARABANCHEL;1,23;2021
CARABANCHEL;1,17;2021
CARABANCHEL;1,11;2021
CARABANCHEL;1,03;2021
CARABANCHEL;1,07;2021
CARABANCHEL;1;2021
USERA;59,57;2021
USERA;8,64;2021
USERA;6,43;2021
USERA;5,05;2021
USERA;4,84;2021
USERA;4,48;2021
USERA;3,83;2021
USERA;3,46;2021
USERA;3,28;2021
USERA;2,68;2021
USERA;2,63;2021
USERA;2,6;2021
USERA;2,44;2021
USERA;2,42;2021
USERA;2,36;2021
USERA;2,22;2021
USERA;2,06;2021
USERA;2,05;2021
USERA;1,65;2021
USERA;1,45;2021
USERA;1,43;2021
USERA;1,4;2021
USERA;1,4;2021
USERA;1,37;2021
USERA;1,29;2021
USERA;1,29;2021
USERA;1,25;2021
USERA;1,15;2021
USERA;1,14;2021
USERA;1,1;2021
USERA;1,05;2021
USERA;1,04;2021
USERA;1,01;2021
PUENTE DE VALLECAS;53,98;2021
PUENTE DE VALLECAS;39,55;2021
PUENTE DE VALLECAS;15,9;2021
PUENTE DE VALLECAS;11,77;2021
PUENTE DE VALLECAS;9,52;2021
PUENTE DE VALLECAS;9,07;2021
PUENTE DE VALLECAS;8,95;2021
PUENTE DE VALLECAS;7,68;2021
PUENTE DE VALLECAS;4,75;2021
PUENTE DE VALLECAS;4,37;2021
PUENTE DE VALLECAS;4,21;2021
PUENTE DE VALLECAS;4,09;2021
PUENTE DE VALLECAS;3,85;2021
PUENTE DE VALLECAS;3,81;2021
PUENTE DE VALLECAS;3,35;2021
PUENTE DE VALLECAS;3,08;2021
PUENTE DE VALLECAS;3,04;2021
PUENTE DE VALLECAS;2,4;2021
PUENTE DE VALLECAS;2,33;2021
PUENTE DE VALLECAS;2,27;2021
PUENTE DE VALLECAS;2,25;2021
PUENTE DE VALLECAS;2,09;2021
PUENTE DE VALLECAS;2,04;2021
PUENTE DE VALLECAS;1,93;2021
PUENTE DE VALLECAS;1,79;2021
PUENTE DE VALLECAS;1,77;2021
PUENTE DE VALLECAS;1,71;2021
PUENTE DE VALLECAS;1,36;2021
PUENTE DE VALLECAS;1,3;2021
PUENTE DE VALLECAS;1,21;2021
PUENTE DE VALLECAS;1,18;2021
PUENTE DE VALLECAS;1,17;2021
PUENTE DE VALLECAS;1,16;2021
PUENTE DE VALLECAS;1,14;2021
PUENTE DE VALLECAS;1,14;2021
PUENTE DE VALLECAS;1,13;2021
PUENTE DE VALLECAS;1,13;2021
PUENTE DE VALLECAS;1,04;2021
PUENTE DE VALLECAS;1;2021
MORATALAZ;8,6;2021
MORATALAZ;5,13;2021
MORATALAZ;4,92;2021
MORATALAZ;4,54;2021
MORATALAZ;4,11;2021
MORATALAZ;3,82;2021
MORATALAZ;3,36;2021
MORATALAZ;3,31;2021
MORATALAZ;3,1;2021
MORATALAZ;3,06;2021
MORATALAZ;2,97;2021
MORATALAZ;2,88;2021
MORATALAZ;2,84;2021
MORATALAZ;2,84;2021
MORATALAZ;2,88;2021
MORATALAZ;2,48;2021
MORATALAZ;2,42;2021
MORATALAZ;2,36;2021
MORATALAZ;2,25;2021
MORATALAZ;2,22;2021
MORATALAZ;2,14;2021
MORATALAZ;1,92;2021
MORATALAZ;1,67;2021
MORATALAZ;1,57;2021
MORATALAZ;1,55;2021
MORATALAZ;1,55;2021
MORATALAZ;1,46;2021
MORATALAZ;1,41;2021
MORATALAZ;1,36;2021
MORATALAZ;1,34;2021
MORATALAZ;1,32;2021
MORATALAZ;1,16;2021
MORATALAZ;1,13;2021
MORATALAZ;1,08;2021
MORATALAZ;1,05;2021
MORATALAZ;1,05;2021
MORATALAZ;1,04;2021
MORATALAZ;0,98;2021
CIUDADLINEAL;14,47;2021
CIUDADLINEAL;6,75;2021
CIUDADLINEAL;6,47;2021
CIUDADLINEAL;5,29;2021
CIUDADLINEAL;5,09;2021
CIUDADLINEAL;4,38;2021
CIUDADLINEAL;3,38;2021
CIUDADLINEAL;3,64;2021
CIUDADLINEAL;3,01;2021
CIUDADLINEAL;2,97;2021
CIUDADLINEAL;2,92;2021
CIUDADLINEAL;2,91;2021
CIUDADLINEAL;2,84;2021
CIUDADLINEAL;2,47;2021
CIUDADLINEAL;2,43;2021
CIUDADLINEAL;2,35;2021
CIUDADLINEAL;2,18;2021
CIUDADLINEAL;2,13;2021
CIUDADLINEAL;1,9;2021
CIUDADLINEAL;1,88;2021
CIUDADLINEAL;1,79;2021
CIUDADLINEAL;1,63;2021
CIUDADLINEAL;1,6;2021
CIUDADLINEAL;1,47;2021
CIUDADLINEAL;1,45;2021
CIUDADLINEAL;1,38;2021
CIUDADLINEAL;1,3;2021
CIUDADLINEAL;1,24;2021
CIUDADLINEAL;1,16;2021
CIUDADLINEAL;1,24;2021
CIUDADLINEAL;1,11;2021
CIUDADLINEAL;1,11;2021
CIUDADLINEAL;1,04;2021
CIUDADLINEAL;1;2021
CIUDADLINEAL;0,98;2021
HORTALEZA;20,72;2021
HORTALEZA;16,37;2021
HORTALEZA;10,46;2021
HORTALEZA;9,72;2021
HORTALEZA;9,49;2021
HORTALEZA;8,6;2021
HORTALEZA;8,42;2021
HORTALEZA;7,94;2021
HORTALEZA;7,24;2021
HORTALEZA;6,42;2021
HORTALEZA;5,45;2021
HORTALEZA;5,37;2021
HORTALEZA;5,25;2021
HORTALEZA;5,04;2021
HORTALEZA;4,95;2021
HORTALEZA;4,66;2021
HORTALEZA;4,55;2021
HORTALEZA;4,18;2021
HORTALEZA;3,86;2021
HORTALEZA;3,68;2021
HORTALEZA;3,6;2021
HORTALEZA;3,38;2021
HORTALEZA;3,32;2021
HORTALEZA;3,32;2021
HORTALEZA;3,17;2021
HORTALEZA;3,16;2021
HORTALEZA;3,07;2021
HORTALEZA;3,04;2021
HORTALEZA;3;2021
HORTALEZA;2,99;2021
HORTALEZA;2,9;2021
HORTALEZA;2,84;2021
HORTALEZA;2,79;2021
HORTALEZA;2,73;2021
HORTALEZA;2,71;2021
HORTALEZA;2,59;2021
HORTALEZA;2,47;2021
HORTALEZA;2,47;2021
HORTALEZA;2,45;2021
HORTALEZA;2,33;2021
HORTALEZA;2,33;2021
HORTALEZA;2,31;2021
HORTALEZA;2,28;2021
HORTALEZA;2,25;2021
HORTALEZA;2,22;2021
HORTALEZA;2,21;2021
HORTALEZA;2,21;2021
HORTALEZA;2,21;2021
HORTALEZA;2,2;2021
HORTALEZA;2,15;2021
HORTALEZA;2,14;2021
HORTALEZA;2,13;2021
HORTALEZA;2,11;2021
HORTALEZA;2,1;2021
HORTALEZA;2,08;2021
HORTALEZA;2,07;2021
HORTALEZA;2,04;2021
HORTALEZA;2;2021
HORTALEZA;1,89;2021
HORTALEZA;1,88;2021
HORTALEZA;1,86;2021
HORTALEZA;1,86;2021
HORTALEZA;1,72;2021
HORTALEZA;1,7;2021
HORTALEZA;1,67;2021
HORTALEZA;1,63;2021
VILLAVERDE;44,61;2021
VILLAVERDE;22,03;2021
VILLAVERDE;12,68;2021
VILLAVERDE;8,34;2021
VILLAVERDE;7,32;2021
VILLAVERDE;6,84;2021
VILLAVERDE;5,87;2021
VILLAVERDE;4,84;2021
VILLAVERDE;4,45;2021
VILLAVERDE;3,64;2021
VILLAVERDE;3,33;2021
VILLAVERDE;2,96;2021
VILLAVERDE;2,65;2021
VILLAVERDE;2,55;2021
VILLAVERDE;2,41;2021
VILLAVERDE;2,32;2021
VILLAVERDE;2,28;2021
VILLAVERDE;2,24;2021
VILLAVERDE;2,21;2021
VILLAVERDE;2,19;2021
VILLAVERDE;2,13;2021
VILLAVERDE;2,09;2021
VILLAVERDE;1,94;2021
VILLAVERDE;1,81;2021
VILLAVERDE;1,52;2021
VILLAVERDE;1,61;2021
VILLAVERDE;1,6;2021
VILLAVERDE;1,53;2021
VILLAVERDE;1,51;2021
VILLAVERDE;1,39;2021
VILLAVERDE;1,38;2021
VILLAVERDE;1,35;2021
VILLAVERDE;1,33;2021
VILLAVERDE;1,18;2021
VILLAVERDE;1,14;2021
VILLAVERDE;1,11;2021
VILLAVERDE;1,11;2021
VILLADEVALLECAS;72,84;2021
VILLADEVALLECAS;22,9;2021
VILLADEVALLECAS;19,49;2021
VILLADEVALLECAS;15,44;2021
VILLADEVALLECAS;11,3;2021
VILLADEVALLECAS;9,4;2021
VILLADEVALLECAS;7,79;2021
VILLADEVALLECAS;7,1;2021
VILLADEVALLECAS;6,61;2021
VILLADEVALLECAS;6,49;2021
VILLADEVALLECAS;5,52;2021
VILLADEVALLECAS;4,27;2021
VILLADEVALLECAS;4,03;2021
VILLADEVALLECAS;3,66;2021
VILLADEVALLECAS;3,51;2021
VILLADEVALLECAS;3,49;2021
VILLADEVALLECAS;3,29;2021
VILLADEVALLECAS;3,2;2021
VILLADEVALLECAS;3,07;2021
VILLADEVALLECAS;2,97;2021
VILLADEVALLECAS;2,94;2021
VILLADEVALLECAS;2,61;2021
VILLADEVALLECAS;2,65;2021
VILLADEVALLECAS;2,37;2021
VILLADEVALLECAS;2,35;2021
VILLADEVALLECAS;2,3;2021
VILLADEVALLECAS;1,32;2021
VILLADEVALLECAS;2,23;2021
VILLADEVALLECAS;2,21;2021
VILLADEVALLECAS;2,15;2021
VILLADEVALLECAS;2,13;2021
VILLADEVALLECAS;2;2021
VILLADEVALLECAS;1,89;2021
VILLADEVALLECAS;1,65;2021
VILLADEVALLECAS;1,38;2021
VILLADEVALLECAS;1,37;2021
VICALVARO;32,56;2021
VICALVARO;12,78;2021
VICALVARO;11,64;2021
VICALVARO;11,03;2021
VICALVARO;8,27;2021
VICALVARO;7,14;2021
VICALVARO;6,4;2021
VICALVARO;5,5;2021
VICALVARO;4,89;2021
VICALVARO;4,47;2021
VICALVARO;4,39;2021
VICALVARO;3,93;2021
VICALVARO;3,78;2021
VICALVARO;3,34;2021
VICALVARO;3,18;2021
VICALVARO;2,82;2021
VICALVARO;2,44;2021
VICALVARO;2,41;2021
VICALVARO;2,23;2021
VICALVARO;2,03;2021
VICALVARO;1,72;2021
VICALVARO;1,61;2021
VICALVARO;1,52;2021
VICALVARO;1,37;2021
VICALVARO;1,35;2021
VICALVARO;1,29;2021
VICALVARO;1,26;2021
VICALVARO;1,22;2021
VICALVARO;1,18;2021
VICALVARO;1,15;2021
VICALVARO;1,14;2021
VICALVARO;1,12;2021
VICALVARO;1,01;2021
SANBLASCANILLEJAS;16,71;2021
SANBLASCANILLEJAS;6,98;2021
SANBLASCANILLEJAS;6,65;2021
SANBLASCANILLEJAS;5,19;2021
SANBLASCANILLEJAS;4,86;2021
SANBLASCANILLEJAS;4,81;2021
SANBLASCANILLEJAS;4,56;2021
SANBLASCANILLEJAS;4,44;2021
SANBLASCANILLEJAS;4,4;2021
SANBLASCANILLEJAS;4,2;2021
SANBLASCANILLEJAS;4,08;2021
SANBLASCANILLEJAS;3,78;2021
SANBLASCANILLEJAS;3,49;2021
SANBLASCANILLEJAS;3,37;2021
SANBLASCANILLEJAS;3,21;2021
SANBLASCANILLEJAS;2,86;2021
SANBLASCANILLEJAS;2,7;2021
SANBLASCANILLEJAS;2,62;2021
SANBLASCANILLEJAS;2,15;2021
SANBLASCANILLEJAS;2,07;2021
SANBLASCANILLEJAS;1,94;2021
SANBLASCANILLEJAS;1,91;2021
SANBLASCANILLEJAS;1,89;2021
SANBLASCANILLEJAS;1,79;2021
SANBLASCANILLEJAS;1,51;2021
SANBLASCANILLEJAS;1,64;2021
SANBLASCANILLEJAS;1,64;2021
SANBLASCANILLEJAS;1,6;2021
SANBLASCANILLEJAS;1,54;2021
SANBLASCANILLEJAS;1,49;2021
SANBLASCANILLEJAS;1,39;2021
SANBLASCANILLEJAS;1,92;2021
SANBLASCANILLEJAS;1,38;2021
BARAJAS;9,74;2021
BARAJAS;8,84;2021
BARAJAS;7,69;2021
BARAJAS;7,55;2021
BARAJAS;6,37;2021
BARAJAS;5,51;2021
BARAJAS;4,74;2021
BARAJAS;4,6;2021
BARAJAS;2,78;2021
BARAJAS;2,35;2021
BARAJAS;2,06;2021
BARAJAS;1,92;2021
BARAJAS;1,88;2021
BARAJAS;1,67;2021
BARAJAS;1,67;2021
BARAJAS;1,64;2021
BARAJAS;1,57;2021
BARAJAS;1,39;2021
BARAJAS;1,36;2021
BARAJAS;1,28;2021
BARAJAS;1,1;2021
BARAJAS;1,05;2021
BARAJAS;1,02;2021
BARAJAS;0,99;2021
BARAJAS;0,95;2021
BARAJAS;0,83;2021
CENTRO;3,53;2020
CENTRO;1,94;2020
CENTRO;1,24;2020
CENTRO;4,66;2020
CENTRO;0,43;2020
ARGANZUELA;2,09;2020
ARGANZUELA;40,14;2020
ARGANZUELA;2,69;2020
RETIRO;11,21;2020
RETIRO;0,55;2020
RETIRO;1,29;2020
RETIRO;0,86;2020
SALAMANCA;4,3;2020
SALAMANCA;0,31;2020
SALAMANCA;2,16;2020
SALAMANCA;2,97;2020
SALAMANCA;2,02;2020
SALAMANCA;0,38;2020
SALAMANCA;0,51;2020
CHAMARTIN;5,02;2020
CHAMARTIN;1,03;2020
CHAMARTIN;1,2;2020
CHAMARTIN;4,91;2020
TETUAN;2,01;2020
TETUAN;13,16;2020
TETUAN;1,88;2020
TETUAN;17,79;2020
TETUAN;0,54;2020
CHAMBERI;0,67;2020
CHAMBERI;0,56;2020
CHAMBERI;2,52;2020
CHAMBERI;0,52;2020
CHAMBERI;0,57;2020
FUENCARRALELPARDO;11,97;2020
FUENCARRALELPARDO;3,33;2020
FUENCARRALELPARDO;5,05;2020
FUENCARRALELPARDO;19,53;2020
MONCLOAARAVACA;2,24;2020
MONCLOAARAVACA;11,02;2020
LATINA;2,22;2020
LATINA;14,32;2020
LATINA;45,29;2020
LATINA;17,23;2020
CARABANCHEL;25,12;2020
USERA;59,57;2020
USERA;4,48;2020
PUENTE DE VALLECAS;39,55;2020
PUENTE DE VALLECAS;15,87;2020
PUENTE DE VALLECAS;4,75;2020
PUENTE DE VALLECAS;12,12;2020
MORATALAZ;3,36;2020
MORATALAZ;3,06;2020
CIUDADLINEAL;14,47;2020
CIUDADLINEAL;6,47;2020
CIUDADLINEAL;6,75;2020
CIUDADLINEAL;5,09;2020
HORTALEZA;9,49;2020
HORTALEZA;3,07;2020
HORTALEZA;4,95;2020
HORTALEZA;20,73;2020
HORTALEZA;3,86;2020
VILLAVERDE;12,68;2020
VILLAVERDE;3,64;2020
VILLADEVALLECAS;0,24;2020
VILLADEVALLECAS;3,2;2020
VILLADEVALLECAS;2;2020
VILLADEVALLECAS;0,72;2020
VICALVARO;32,55;2020
VICALVARO;30,93;2020
VICALVARO;3,93;2020
VICALVARO;4,87;2020
SANBLASCANILLEJAS;14,79;2020
SANBLASCANILLEJAS;1,12;2020
SANBLASCANILLEJAS;5,19;2020
SANBLASCANILLEJAS;4,4;2020
SANBLASCANILLEJAS;3,2;2020
BARAJAS;4,74;2020
BARAJAS;1,57;2020
BARAJAS;0,18;2020
CENTRO;3,53;2019
CENTRO;1,94;2019
CENTRO;1,24;2019
CENTRO;4,66;2019
CENTRO;0,43;2019
ARGANZUELA;2,09;2019
ARGANZUELA;40,06;2019
ARGANZUELA;2,69;2019
RETIRO;11,21;2019
RETIRO;0,56;2019
RETIRO;1,29;2019
RETIRO;0,86;2019
SALAMANCA;4,3;2019
SALAMANCA;0,31;2019
SALAMANCA;2,16;2019
SALAMANCA;2,97;2019
SALAMANCA;2,02;2019
SALAMANCA;0,38;2019
SALAMANCA;0,51;2019
CHAMARTIN;5,02;2019
CHAMARTIN;1,06;2019
CHAMARTIN;1,2;2019
CHAMARTIN;4,91;2019
TETUAN;2,01;2019
TETUAN;14,72;2019
TETUAN;1,88;2019
TETUAN;18,5;2019
TETUAN;0,54;2019
CHAMBERI;0,67;2019
CHAMBERI;0,56;2019
CHAMBERI;2,53;2019
CHAMBERI;0,52;2019
CHAMBERI;0,57;2019
FUENCARRALELPARDO;11,97;2019
FUENCARRALELPARDO;3,4;2019
FUENCARRALELPARDO;5,05;2019
FUENCARRALELPARDO;19,52;2019
MONCLOAARAVACA;2,24;2019
MONCLOAARAVACA;11,02;2019
LATINA;2,22;2019
LATINA;14,32;2019
LATINA;45,15;2019
LATINA;17,35;2019
CARABANCHEL;26,06;2019
USERA;59,51;2019
USERA;4,48;2019
PUENTE DE VALLECAS;39,55;2019
PUENTE DE VALLECAS;15,89;2019
PUENTE DE VALLECAS;4,75;2019
PUENTE DE VALLECAS;12,12;2019
MORATALAZ;3,36;2019
MORATALAZ;3,06;2019
CIUDADLINEAL;14,47;2019
CIUDADLINEAL;6,8;2019
CIUDADLINEAL;6,75;2019
CIUDADLINEAL;5,08;2019
HORTALEZA;9,5;2019
HORTALEZA;3,06;2019
HORTALEZA;4,96;2019
HORTALEZA;20,92;2019
HORTALEZA;3,86;2019
VILLAVERDE;12,68;2019
VILLAVERDE;3,67;2019
VILLADEVALLECAS;0,24;2019
VILLADEVALLECAS;3,2;2019
VILLADEVALLECAS;2;2019
VILLADEVALLECAS;0,72;2019
VICALVARO;1,24;2019
VICALVARO;31,31;2019
VICALVARO;31,2;2019
VICALVARO;3,93;2019
VICALVARO;4,87;2019
SANBLASCANILLEJAS;15,44;2019
SANBLASCANILLEJAS;1,12;2019
SANBLASCANILLEJAS;5,19;2019
SANBLASCANILLEJAS;4,4;2019
SANBLASCANILLEJAS;3,26;2019
BARAJAS;5,67;2019
BARAJAS;1,57;2019
BARAJAS;0,18;2019
ARGANZUELA;43,02;2018
BARAJAS;167,26;2018
CARABANCHEL;15,12;2018
CENTRO;13,21;2018
CHAMARTIN;0;2018
CHAMBERI;0;2018
CIUDADLINEAL;2,64;2018
FUENCARRALELPARDO;7,1;2018
HORTALEZA;424,89;2018
LATINA;14,91;2018
MONCLOAARAVACA;1686,31;2018
MORATALAZ;59,96;2018
PUENTE DE VALLECAS;41,1;2018
RETIRO;117,73;2018
SALAMANCA;7,42;2018
SANBLASCANILLEJAS;39,71;2018
TETUAN;0;2018
USERA;29,71;2018
VICALVARO;0;2018
VILLADEVALLECAS;0,34;2018
VILLAVERDE;26,85;2018
ARGANZUELA;88,25;2017
BARAJAS;97,77;2017
CARABANCHEL;230,2;2017
CENTRO;32,75;2017
CHAMARTIN;54,03;2017
CHAMBERI;10,18;2017
CIUDADLINEAL;127,14;2017
FUENCARRALELPARDO;344,38;2017
HORTALEZA;312,21;2017
LATINA;276,58;2017
MONCLOAARAVACA;198,5;2017
MORATALAZ;116,73;2017
PUENTE DE VALLECAS;268,99;2017
RETIRO;35,62;2017
SALAMANCA;30,86;2017
SANBLASCANILLEJAS;159,93;2017
TETUAN;64,04;2017
USERA;168,6;2017
VICALVARO;160,06;2017
VILLADEVALLECAS;277,8;2017
VILLAVERDE;215,07;2017
