Año;Mes;01. Centro;02. Arganzuela;03. Retiro;04. Salamanca;05. Chamartín;06. Tetuán;07. Chamberí;08. Fuencarral-El Pardo;09. Moncloa-Aravaca;10. Latina;11. Carabanchel;12. Usera;13. Puente de Vallecas;14. Moratalaz;15. Ciudad Lineal;16. Hortaleza;17. Villaverde;18. Villa de Vallecas;19. Vicálvaro;20. San Blas-Canillejas;21. Barajas
2006;Enero;..;..;..;..;..;..;..;..;..;..;..;..;..;..;..;..;..;..;..;..;..
2006;Febrero;..;..;..;..;..;..;..;..;..;..;..;..;..;..;..;..;..;..;..;..;..
2006;Marzo;..;..;..;..;..;..;..;..;..;..;..;..;..;..;..;..;..;..;..;..;..
2006;Abril;..;..;..;..;..;..;..;..;..;..;..;..;..;..;..;..;..;..;..;..;..
2006;Mayo;..;..;..;..;..;..;..;..;..;..;..;..;..;..;..;..;..;..;..;..;..
2006;Junio;..;..;..;..;..;..;..;..;..;..;..;..;..;..;..;..;..;..;..;..;..
2006;Julio;..;..;..;..;..;..;..;..;..;..;..;..;..;..;..;..;..;..;..;..;..
2006;Agosto;..;..;..;..;..;..;..;..;..;..;..;..;..;..;..;..;..;..;..;..;..
2006;Septiembre;..;..;..;..;..;..;..;..;..;..;..;..;..;..;..;..;..;..;..;..;..
2006;Octubre;..;..;..;..;..;..;..;..;..;..;..;..;..;..;..;..;..;..;..;..;..
2006;Noviembre;..;..;..;..;..;..;..;..;..;..;..;..;..;..;..;..;..;..;..;..;..
2006;Diciembre;..;..;..;..;..;..;..;..;..;..;..;..;..;..;..;..;..;..;..;..;..
2007;Enero;..;..;..;..;..;..;..;..;..;..;..;..;..;..;..;..;..;..;..;..;..
2007;Febrero;..;..;..;..;..;..;..;..;..;..;..;..;..;..;..;..;..;..;..;..;..
2007;Marzo;..;..;..;..;..;..;..;..;..;..;..;..;..;..;..;..;..;..;..;..;..
2007;Abril;..;..;..;..;..;..;..;..;..;..;..;..;..;..;..;..;..;..;..;..;..
2007;Mayo;..;..;..;..;..;3.760;..;..;..;..;3.101;..;..;..;..;..;..;..;..;..;..
2007;Junio;4.702;..;..;..;..;3.857;..;..;..;..;3.173;..;..;..;..;..;..;..;..;..;..
2007;Julio;4.603;..;..;..;..;3.785;..;..;..;..;3.162;..;2.797;..;3.421;..;..;..;..;..;..
2007;Agosto;4.541;..;..;..;..;3.696;..;3.407;3.988;..;2.892;..;2.617;..;3.451;..;..;..;..;3.333;..
2007;Septiembre;4.475;..;..;..;..;3.527;..;3.372;3.993;..;2.828;..;2.449;..;3.440;..;..;..;..;3.317;..
2007;Octubre;4.384;..;..;..;4.521;3.639;..;3.482;3.947;..;2.900;3.099;2.714;..;3.578;3.514;..;..;..;3.521;..
2007;Noviembre;4.384;4.000;..;4.906;4.611;3.774;..;3.391;3.866;3.019;3.009;3.110;2.717;..;3.538;3.617;..;..;..;3.603;..
2007;Diciembre;4.394;4.000;..;4.636;4.549;3.857;..;3.510;3.880;2.928;2.992;2.851;2.786;..;3.422;3.806;..;..;..;3.470;..
2008;Enero;4.375;4.000;..;4.749;4.664;3.783;4.657;3.387;3.858;2.844;2.897;2.933;2.741;..;3.386;3.472;2.648;..;..;3.310;..
2008;Febrero;4.332;3.824;..;4.701;4.756;3.813;4.596;3.430;3.966;2.904;2.942;2.793;2.792;..;3.454;3.573;2.900;..;..;3.323;..
2008;Marzo;4.280;4.000;4.427;4.906;4.901;3.833;4.799;3.562;3.966;2.985;2.927;2.883;2.828;..;3.557;3.555;2.899;..;..;3.243;..
2008;Abril;4.392;3.894;4.337;4.706;4.760;3.760;4.852;3.724;3.940;2.995;2.954;2.833;2.942;..;3.521;3.556;2.806;..;..;3.302;..
2008;Mayo;4.392;4.000;4.275;4.643;4.615;3.702;4.843;3.726;3.920;2.996;2.883;2.787;2.879;..;3.504;3.512;2.745;2.955;..;3.199;3.240
2008;Junio;4.388;3.784;4.275;4.845;4.637;3.707;4.895;3.682;3.923;2.915;2.919;2.781;2.834;..;3.366;3.531;2.686;2.797;..;3.202;3.209
2008;Julio;4.371;3.770;4.256;4.845;4.676;3.679;4.784;3.594;3.921;2.880;2.830;2.818;2.694;..;3.309;3.494;2.604;2.871;..;3.208;3.465
2008;Agosto;4.252;3.714;4.313;4.907;4.674;3.617;4.902;3.528;3.906;2.841;2.798;2.813;2.697;..;3.341;3.512;2.578;2.881;..;3.160;3.542
2008;Septiembre;4.300;3.736;4.325;4.778;4.742;3.577;4.887;3.530;3.904;2.921;2.829;2.712;2.682;..;3.335;3.558;2.488;2.816;..;3.208;3.482
2008;Octubre;4.180;3.696;4.205;4.894;4.639;3.608;4.885;3.417;3.979;2.920;2.819;2.789;2.711;..;3.409;3.576;2.467;2.826;..;3.157;3.517
2008;Noviembre;4.157;3.714;4.154;4.806;4.651;3.599;4.879;3.455;4.003;2.916;2.903;2.797;2.689;..;3.427;3.611;2.536;2.816;..;3.111;3.499
2008;Diciembre;4.099;3.667;4.151;4.776;4.522;3.539;4.684;3.436;4.012;2.727;2.824;2.718;2.657;..;3.306;3.495;2.452;2.714;..;3.086;3.528
2009;Enero;4.167;3.782;3.964;4.853;4.740;3.461;4.870;3.463;3.967;2.788;2.824;2.699;2.661;..;3.200;3.452;2.444;2.616;..;3.095;3.384
2009;Febrero;4.188;3.719;3.987;4.897;4.706;3.541;4.861;3.460;3.968;2.789;2.813;2.628;2.746;..;3.207;3.510;2.474;2.765;..;3.171;3.349
2009;Marzo;4.198;3.719;4.135;4.957;4.808;3.529;4.857;3.423;3.967;2.833;2.817;2.636;2.730;..;3.245;3.575;2.419;2.846;..;3.136;3.663
2009;Abril;4.145;3.721;4.134;5.018;4.793;3.502;4.675;3.423;3.847;2.771;2.772;2.672;2.691;..;3.291;3.630;2.367;2.860;..;3.134;3.458
2009;Mayo;4.162;3.696;3.960;4.911;4.655;3.467;4.703;3.413;3.859;2.707;2.750;2.639;2.644;..;3.227;3.685;2.415;2.864;..;3.158;3.386
2009;Junio;4.025;3.643;3.956;4.878;4.609;3.550;4.631;3.320;3.911;2.683;2.724;2.583;2.608;..;3.238;3.574;2.422;2.813;..;3.133;3.280
2009;Julio;4.000;3.571;3.958;4.715;4.458;3.564;4.604;3.313;3.880;2.703;2.676;2.549;2.532;..;3.201;3.659;2.498;2.857;..;3.120;3.275
2009;Agosto;4.000;3.589;3.936;4.702;4.409;3.525;4.594;3.283;3.884;2.713;2.659;2.510;2.507;..;3.118;3.582;2.472;2.748;..;3.067;3.228
2009;Septiembre;4.049;3.589;3.985;4.738;4.537;3.531;4.583;3.278;3.888;2.684;2.705;2.517;2.524;2.718;3.155;3.584;2.325;2.755;..;3.066;3.212
2009;Octubre;4.077;3.561;4.008;4.783;4.556;3.500;4.636;3.322;3.811;2.716;2.737;2.515;2.497;2.500;3.166;3.633;2.258;2.650;..;3.080;3.269
2009;Noviembre;4.047;3.556;4.008;4.781;4.624;3.497;4.598;3.298;3.822;2.718;2.729;2.516;2.531;2.589;3.193;3.549;2.246;2.650;..;3.017;3.278
2009;Diciembre;4.063;3.494;3.938;4.718;4.588;3.476;4.587;3.311;3.813;2.690;2.693;2.511;2.507;2.600;3.187;3.569;2.230;2.651;..;2.915;3.291
2010;Enero;4.074;3.494;3.928;4.707;4.624;3.497;4.573;3.278;3.834;2.671;2.620;2.480;2.500;2.610;3.182;3.532;2.201;2.668;..;2.896;3.216
2010;Febrero;4.025;3.506;3.968;4.703;4.559;3.497;4.565;3.324;3.825;2.644;2.622;2.504;2.456;2.610;3.190;3.550;2.222;2.668;2.628;2.914;3.200
2010;Marzo;4.029;3.500;4.003;4.704;4.545;3.468;4.543;3.333;3.893;2.663;2.655;2.430;2.482;2.687;3.188;3.530;2.244;2.661;2.640;2.945;3.277
2010;Abril;4.012;3.518;4.055;4.673;4.593;3.467;4.540;3.406;3.872;2.619;2.726;2.406;2.510;2.689;3.207;3.535;2.333;2.690;2.632;2.948;3.339
2010;Mayo;3.996;3.539;4.035;4.720;4.726;3.472;4.558;3.341;3.868;2.579;2.696;2.419;2.501;2.715;3.178;3.620;2.254;2.665;2.637;2.925;3.303
2010;Junio;3.986;3.556;4.030;4.734;4.694;3.503;4.546;3.279;3.812;2.521;2.670;2.441;2.471;2.629;3.164;3.544;2.242;2.699;2.593;2.906;3.257
2010;Julio;3.967;3.545;4.019;4.751;4.669;3.467;4.500;3.273;3.814;2.526;2.609;2.456;2.434;2.583;3.147;3.565;2.231;2.692;2.601;2.896;3.243
2010;Agosto;3.977;3.538;3.957;4.729;4.654;3.456;4.455;3.290;3.684;2.522;2.562;2.381;2.414;2.545;3.145;3.508;2.211;2.694;2.509;2.866;3.175
2010;Septiembre;3.949;3.545;3.934;4.706;4.675;3.444;4.462;3.298;3.699;2.537;2.583;2.372;2.416;2.600;3.164;3.473;2.207;2.665;2.617;2.857;3.144
2010;Octubre;3.987;3.564;3.982;4.666;4.737;3.421;4.479;3.331;3.662;2.514;2.585;2.386;2.422;2.575;3.188;3.468;2.222;2.669;2.600;2.880;3.223
2010;Noviembre;4.007;3.575;3.920;4.723;4.674;3.422;4.537;3.392;3.732;2.532;2.567;2.416;2.394;2.600;3.253;3.463;2.225;2.651;2.656;2.895;3.240
2010;Diciembre;3.987;3.560;3.868;4.654;4.699;3.399;4.506;3.425;3.686;2.513;2.532;2.403;2.374;2.600;3.213;3.449;2.198;2.691;2.583;2.887;3.221
2011;Enero;3.987;3.543;3.882;4.652;4.655;3.391;4.523;3.426;3.677;2.504;2.524;2.372;2.322;2.685;3.211;3.461;2.159;2.621;2.553;2.870;3.156
2011;Febrero;3.987;3.523;3.884;4.634;4.619;3.393;4.443;3.364;3.645;2.486;2.494;2.331;2.286;2.669;3.169;3.466;2.142;2.590;2.545;2.846;3.190
2011;Marzo;3.989;3.475;3.881;4.641;4.577;3.397;4.416;3.393;3.680;2.463;2.479;2.331;2.288;2.625;3.197;3.494;2.095;2.576;2.536;2.813;3.169
2011;Abril;3.958;3.462;3.862;4.622;4.576;3.352;4.394;3.390;3.650;2.430;2.429;2.307;2.218;2.567;3.185;3.496;2.058;2.596;2.485;2.811;3.260
2011;Mayo;3.946;3.440;3.854;4.609;4.596;3.355;4.404;3.380;3.634;2.395;2.408;2.296;2.192;2.545;3.183;3.458;2.046;2.596;2.473;2.776;3.246
2011;Junio;3.891;3.426;3.832;4.607;4.609;3.330;4.349;3.376;3.580;2.373;2.378;2.253;2.166;2.500;3.166;3.447;2.026;2.470;2.436;2.758;3.249
2011;Julio;3.844;3.386;3.776;4.602;4.540;3.290;4.319;3.354;3.567;2.337;2.332;2.233;2.130;2.500;3.128;3.379;2.000;2.443;2.420;2.724;3.171
2011;Agosto;3.806;3.328;3.756;4.496;4.473;3.245;4.252;3.332;3.528;2.293;2.280;2.185;2.079;2.484;3.079;3.365;1.938;2.433;2.417;2.687;3.121
2011;Septiembre;3.799;3.332;3.702;4.461;4.465;3.238;4.254;3.335;3.535;2.262;2.282;2.274;2.040;2.422;3.071;3.361;1.863;2.515;2.411;2.675;3.103
2011;Octubre;3.803;3.332;3.700;4.476;4.446;3.225;4.224;3.328;3.535;2.234;2.291;2.214;2.039;2.366;3.084;3.434;1.864;2.498;2.401;2.667;3.109
2011;Noviembre;3.800;3.323;3.640;4.498;4.420;3.208;4.231;3.309;3.537;2.209;2.262;2.142;1.986;2.350;3.033;3.457;1.889;2.501;2.379;2.624;3.098
2011;Diciembre;3.772;3.309;3.618;4.454;4.368;3.157;4.169;3.281;3.485;2.178;2.233;2.106;1.910;2.293;3.053;3.423;1.897;2.497;2.343;2.598;3.029
2012;Enero;3.745;3.271;3.607;4.442;4.374;3.157;4.158;3.270;3.476;2.204;2.212;2.080;1.897;2.319;3.056;3.391;1.910;2.493;2.348;2.603;3.028
2012;Febrero;3.737;3.223;3.582;4.423;4.336;3.130;4.131;3.250;3.440;2.176;2.207;2.039;1.887;2.310;3.009;3.353;1.904;2.437;2.345;2.581;3.027
2012;Marzo;3.707;3.239;3.601;4.334;4.293;3.088;4.128;3.213;3.430;2.127;2.170;2.040;1.880;2.290;2.970;3.337;1.931;2.464;2.349;2.552;3.049
2012;Abril;3.651;3.165;3.552;4.285;4.302;3.062;4.087;3.146;3.412;2.089;2.143;1.999;1.845;2.251;2.874;3.298;1.829;2.412;2.302;2.505;3.049
2012;Mayo;3.595;3.138;3.493;4.237;4.273;3.024;4.049;3.114;3.320;2.040;2.117;1.983;1.823;2.250;2.868;3.311;1.787;2.385;2.282;2.506;3.002
2012;Junio;3.569;3.089;3.456;4.196;4.251;2.995;4.004;3.045;3.305;2.003;2.089;1.947;1.767;2.233;2.818;3.237;1.786;2.384;2.191;2.488;2.956
2012;Julio;3.516;3.048;3.448;4.198;4.215;2.938;3.946;3.018;3.323;2.035;2.049;1.869;1.725;2.194;2.800;3.161;1.649;2.371;2.150;2.412;2.944
2012;Agosto;3.473;2.999;3.433;4.182;4.169;2.904;3.918;2.999;3.296;2.000;2.022;1.837;1.685;2.145;2.766;3.057;1.615;2.371;2.110;2.408;2.923
2012;Septiembre;3.494;2.999;3.434;4.160;4.119;2.932;3.911;3.002;3.287;2.001;1.988;1.819;1.678;2.129;2.755;3.073;1.618;2.298;2.086;2.372;2.949
2012;Octubre;3.500;3.000;3.432;4.161;4.134;2.922;3.923;3.014;3.287;1.989;1.945;1.818;1.636;2.131;2.723;3.030;1.634;2.223;1.993;2.303;2.911
2012;Noviembre;3.460;2.949;3.423;4.165;4.087;2.853;3.885;2.997;3.236;1.946;1.897;1.821;1.602;2.078;2.674;3.011;1.566;2.145;1.934;2.230;2.834
2012;Diciembre;3.407;2.906;3.370;4.187;4.051;2.812;3.860;2.950;3.184;1.877;1.859;1.803;1.545;2.047;2.623;2.977;1.511;2.132;1.898;2.196;2.813
2013;Enero;3.398;2.908;3.371;4.168;4.055;2.787;3.854;2.913;3.166;1.858;1.838;1.766;1.526;2.002;2.587;2.957;1.494;2.124;1.916;2.189;2.824
2013;Febrero;3.373;2.875;3.347;4.190;4.035;2.774;3.846;2.897;3.182;1.873;1.851;1.728;1.493;1.985;2.515;2.960;1.460;2.132;1.902;2.151;2.799
2013;Marzo;3.358;2.829;3.331;4.159;3.995;2.771;3.754;2.904;3.147;1.893;1.849;1.728;1.492;2.000;2.514;3.019;1.434;2.125;1.927;2.154;2.730
2013;Abril;3.334;2.799;3.316;4.130;3.990;2.747;3.741;2.871;3.098;1.876;1.860;1.742;1.486;1.986;2.497;2.982;1.425;2.103;1.943;2.149;2.744
2013;Mayo;3.306;2.798;3.307;4.092;3.961;2.710;3.696;2.851;3.072;1.857;1.850;1.717;1.465;2.012;2.509;2.985;1.473;2.090;1.950;2.186;2.745
2013;Junio;3.266;2.769;3.295;4.065;3.957;2.675;3.669;2.841;3.067;1.817;1.830;1.699;1.434;2.002;2.490;2.925;1.470;2.106;1.919;2.153;2.651
2013;Julio;3.257;2.752;3.252;4.042;3.943;2.674;3.667;2.809;3.059;1.814;1.834;1.694;1.434;1.995;2.485;2.916;1.485;2.138;1.916;2.113;2.622
2013;Agosto;3.224;2.727;3.239;3.994;3.922;2.653;3.648;2.787;3.015;1.771;1.799;1.644;1.431;1.897;2.454;2.871;1.449;2.134;1.829;2.088;2.570
2013;Septiembre;3.252;2.750;3.241;4.016;3.926;2.703;3.673;2.858;3.015;1.793;1.782;1.612;1.480;1.873;2.476;2.899;1.460;2.095;1.810;2.104;2.605
2013;Octubre;3.247;2.736;3.207;4.002;3.896;2.684;3.658;2.848;3.043;1.766;1.744;1.573;1.450;1.840;2.472;2.873;1.451;2.084;1.810;2.102;2.600
2013;Noviembre;3.223;2.706;3.208;4.016;3.906;2.661;3.666;2.869;3.074;1.701;1.735;1.583;1.400;1.850;2.464;2.848;1.386;2.004;1.799;2.068;2.585
2013;Diciembre;3.240;2.682;3.186;4.013;3.873;2.634;3.616;2.809;3.049;1.675;1.724;1.587;1.408;1.898;2.484;2.811;1.339;1.965;1.813;2.150;2.594
2014;Enero;3.251;2.656;3.184;4.033;3.856;2.598;3.590;2.790;3.041;1.687;1.764;1.599;1.423;1.879;2.518;2.839;1.290;2.014;1.810;2.182;2.588
2014;Febrero;3.264;2.698;3.186;4.009;3.846;2.582;3.574;2.780;3.032;1.667;1.754;1.604;1.435;1.909;2.494;2.849;1.277;2.005;1.800;2.173;2.582
2014;Marzo;3.251;2.731;3.188;4.051;3.853;2.589;3.589;2.757;3.026;1.630;1.713;1.568;1.405;1.928;2.481;2.821;1.231;2.021;1.758;2.101;2.586
2014;Abril;3.251;2.724;3.201;4.052;3.867;2.568;3.565;2.746;3.019;1.625;1.665;1.539;1.350;1.953;2.496;2.815;1.239;1.992;1.742;2.048;2.524
2014;Mayo;3.275;2.716;3.200;4.039;3.858;2.594;3.603;2.763;3.019;1.619;1.645;1.543;1.339;1.953;2.519;2.817;1.272;1.970;1.701;2.072;2.524
2014;Junio;3.285;2.716;3.241;4.075;3.893;2.602;3.616;2.747;3.015;1.622;1.634;1.506;1.311;1.903;2.514;2.807;1.230;1.946;1.748;2.080;2.562
2014;Julio;3.267;2.703;3.239;4.095;3.907;2.593;3.587;2.731;3.015;1.600;1.613;1.459;1.300;1.891;2.444;2.815;1.213;1.965;1.732;2.075;2.580
2014;Agosto;3.267;2.675;3.127;4.092;3.883;2.576;3.559;2.716;2.982;1.603;1.586;1.436;1.304;1.891;2.390;2.805;1.180;2.016;1.706;2.071;2.561
2014;Septiembre;3.281;2.652;3.113;4.137;3.895;2.592;3.588;2.736;2.986;1.602;1.589;1.441;1.319;1.955;2.396;2.819;1.174;2.039;1.646;2.076;2.593
2014;Octubre;3.311;2.653;3.107;4.138;3.904;2.575;3.603;2.734;3.025;1.581;1.625;1.449;1.328;1.908;2.400;2.828;1.182;1.947;1.640;2.075;2.618
2014;Noviembre;3.309;2.644;3.078;4.141;3.915;2.578;3.583;2.750;3.038;1.574;1.617;1.421;1.300;1.896;2.413;2.827;1.324;1.946;1.631;2.086;2.588
2014;Diciembre;3.324;2.644;3.069;4.145;3.903;2.575;3.572;2.757;3.017;1.599;1.618;1.441;1.281;1.904;2.386;2.803;1.349;1.950;1.624;2.104;2.532
2015;Enero;3.334;2.630;3.108;4.132;3.930;2.577;3.591;2.770;2.988;1.633;1.611;1.446;1.280;1.906;2.408;2.809;1.334;1.944;1.617;2.100;2.622
2015;Febrero;3.334;2.642;3.107;4.099;3.950;2.567;3.621;2.799;2.981;1.624;1.625;1.476;1.257;1.935;2.405;2.784;1.335;1.932;1.642;2.110;2.597
2015;Marzo;3.351;2.683;3.190;4.131;3.966;2.552;3.626;2.798;3.003;1.624;1.600;1.488;1.261;1.912;2.469;2.746;1.342;1.940;1.641;2.133;2.557
2015;Abril;3.351;2.687;3.313;4.198;3.966;2.556;3.663;2.779;3.009;1.637;1.619;1.498;1.329;1.940;2.481;2.700;1.394;1.952;1.693;2.156;2.571
2015;Mayo;3.383;2.685;3.343;4.227;3.985;2.560;3.695;2.783;3.048;1.658;1.625;1.533;1.330;1.916;2.480;2.769;1.342;1.944;1.628;2.148;2.583
2015;Junio;3.409;2.705;3.394;4.237;4.017;2.577;3.735;2.793;3.057;1.650;1.650;1.550;1.326;1.908;2.492;2.786;1.375;1.918;1.630;2.127;2.603
2015;Julio;3.418;2.703;3.416;4.228;4.023;2.603;3.728;2.755;3.058;1.641;1.647;1.520;1.329;1.913;2.428;2.713;1.387;1.910;1.640;2.083;2.592
2015;Agosto;3.438;2.735;3.420;4.318;4.004;2.593;3.718;2.723;3.067;1.638;1.627;1.499;1.347;1.895;2.397;2.683;1.331;1.835;1.665;2.076;2.575
2015;Septiembre;3.455;2.769;3.368;4.296;4.014;2.608;3.729;2.730;3.067;1.656;1.628;1.522;1.344;1.926;2.395;2.692;1.327;1.852;1.663;2.077;2.570
2015;Octubre;3.502;2.775;3.343;4.313;4.001;2.607;3.752;2.747;3.087;1.630;1.645;1.543;1.355;1.949;2.415;2.725;1.377;1.872;1.660;2.105;2.551
2015;Noviembre;3.542;2.748;3.375;4.366;4.031;2.606;3.751;2.757;3.088;1.650;1.638;1.530;1.333;1.947;2.417;2.767;1.375;1.836;1.648;2.054;2.591
2015;Diciembre;3.569;2.755;3.368;4.375;4.023;2.605;3.801;2.768;3.071;1.666;1.635;1.499;1.328;1.904;2.403;2.785;1.345;1.838;1.641;2.043;2.582
2016;Enero;3.590;2.723;3.340;4.345;4.061;2.620;3.812;2.752;3.087;1.700;1.625;1.478;1.343;1.948;2.397;2.797;1.369;1.787;1.703;2.062;2.586
2016;Febrero;3.579;2.727;3.350;4.362;4.076;2.608;3.795;2.766;3.094;1.694;1.622;1.485;1.368;1.907;2.406;2.822;1.373;1.796;1.713;2.086;2.582
2016;Marzo;3.612;2.727;3.344;4.337;4.125;2.616;3.864;2.750;3.131;1.684;1.628;1.497;1.355;1.911;2.419;2.851;1.347;1.832;1.714;2.103;2.576
2016;Abril;3.637;2.774;3.343;4.326;4.151;2.634;3.894;2.751;3.141;1.720;1.614;1.498;1.344;1.929;2.445;2.912;1.382;1.852;1.710;2.105;2.587
2016;Mayo;3.613;2.799;3.372;4.299;4.187;2.657;3.950;2.789;3.149;1.744;1.602;1.511;1.352;1.974;2.434;2.900;1.403;1.868;1.692;2.126;2.598
2016;Junio;3.623;2.833;3.393;4.325;4.165;2.697;3.953;2.768;3.149;1.730;1.613;1.523;1.360;2.006;2.420;2.914;1.382;1.893;1.680;2.135;2.597
2016;Julio;3.657;2.900;3.408;4.367;4.197;2.712;3.946;2.768;3.161;1.748;1.566;1.516;1.346;1.988;2.408;2.905;1.373;1.886;1.687;2.137;2.593
2016;Agosto;3.676;2.920;3.433;4.392;4.249;2.730;3.940;2.783;3.170;1.748;1.588;1.523;1.344;1.997;2.407;2.862;1.346;1.845;1.694;2.144;2.573
2016;Septiembre;3.708;2.906;3.453;4.395;4.275;2.747;3.943;2.831;3.192;1.770;1.612;1.516;1.352;1.992;2.434;2.889;1.359;1.887;1.722;2.142;2.591
2016;Octubre;3.736;2.886;3.435;4.413;4.273;2.746;3.988;2.855;3.185;1.800;1.628;1.528;1.361;2.012;2.464;2.913;1.381;1.898;1.686;2.152;2.588
2016;Noviembre;3.783;2.900;3.419;4.423;4.264;2.749;4.015;2.879;3.167;1.780;1.641;1.499;1.329;2.078;2.486;2.896;1.416;1.912;1.686;2.126;2.570
2016;Diciembre;3.782;2.925;3.459;4.495;4.245;2.769;4.015;2.884;3.178;1.776;1.666;1.517;1.290;2.076;2.438;2.898;1.496;1.941;1.674;2.098;2.625
2017;Enero;3.764;2.925;3.438;4.493;4.259;2.792;4.015;2.888;3.230;1.780;1.664;1.522;1.308;2.039;2.397;2.913;1.462;1.933;1.681;2.100;2.678
2017;Febrero;3.790;2.975;3.453;4.505;4.295;2.792;4.088;2.890;3.261;1.801;1.678;1.515;1.388;2.011;2.405;2.943;1.462;1.929;1.680;2.107;2.677
2017;Marzo;3.852;3.030;3.493;4.496;4.338;2.813;4.160;2.925;3.293;1.792;1.687;1.514;1.388;1.980;2.433;2.975;1.460;1.914;1.681;2.138;2.661
2017;Abril;3.915;3.066;3.518;4.494;4.385;2.836;4.226;2.951;3.339;1.788;1.693;1.537;1.394;2.016;2.465;2.983;1.390;1.911;1.681;2.144;2.635
2017;Mayo;4.001;3.138;3.579;4.552;4.404;2.887;4.311;2.963;3.378;1.836;1.740;1.583;1.424;2.078;2.514;3.005;1.373;1.931;1.662;2.195;2.640
2017;Junio;4.089;3.206;3.695;4.693;4.414;2.911;4.452;3.000;3.381;1.852;1.786;1.590;1.441;2.178;2.565;3.019;1.456;1.951;1.607;2.219;2.632
2017;Julio;4.192;3.248;3.715;4.845;4.439;2.937;4.510;3.046;3.411;1.867;1.799;1.630;1.460;2.150;2.565;3.052;1.472;1.955;1.643;2.313;2.638
2017;Agosto;4.274;3.272;3.771;4.913;4.488;2.997;4.519;3.049;3.421;1.849;1.784;1.638;1.462;2.100;2.565;3.076;1.465;1.965;1.676;2.344;2.636
2017;Septiembre;4.324;3.268;3.824;4.955;4.516;3.055;4.561;3.021;3.464;1.887;1.817;1.671;1.480;2.143;2.587;3.124;1.447;2.029;1.709;2.393;2.657
2017;Octubre;4.394;3.293;3.859;4.971;4.559;3.123;4.664;3.033;3.513;1.925;1.863;1.705;1.520;2.174;2.590;3.170;1.429;2.055;1.755;2.435;2.791
2017;Noviembre;4.450;3.366;3.918;5.040;4.584;3.101;4.725;3.074;3.539;1.951;1.842;1.689;1.521;2.190;2.582;3.183;1.418;2.052;1.759;2.437;2.806
2017;Diciembre;4.582;3.445;4.011;5.158;4.635;3.086;4.771;3.142;3.590;1.997;1.821;1.695;1.513;2.260;2.564;3.182;1.401;2.048;1.809;2.425;2.779
2018;Enero;4.611;3.532;4.103;5.253;4.702;3.109;4.843;3.173;3.638;2.007;1.856;1.704;1.534;2.271;2.583;3.237;1.444;2.071;1.848;2.432;2.792
2018;Febrero;4.655;3.585;4.227;5.304;4.763;3.195;4.868;3.214;3.740;2.026;1.861;1.728;1.588;2.250;2.652;3.315;1.473;2.088;1.922;2.452;2.836
2018;Marzo;4.731;3.634;4.262;5.383;4.816;3.291;4.941;3.197;3.748;2.040;1.874;1.735;1.635;2.200;2.720;3.360;1.490;2.082;1.930;2.466;2.821
2018;Abril;4.818;3.680;4.372;5.398;4.889;3.354;5.000;3.212;3.745;2.084;1.937;1.772;1.675;2.262;2.773;3.413;1.602;2.149;1.986;2.528;2.849
2018;Mayo;4.880;3.742;4.538;5.440;4.919;3.433;5.105;3.221;3.791;2.121;1.985;1.831;1.707;2.323;2.798;3.463;1.606;2.212;2.024;2.479;2.871
2018;Junio;4.921;3.887;4.552;5.536;4.916;3.463;5.165;3.222;3.799;2.166;2.036;1.858;1.737;2.333;2.837;3.483;1.620;2.189;2.069;2.431;2.919
2018;Julio;4.983;4.022;4.508;5.640;4.961;3.463;5.206;3.256;3.781;2.183;2.066;1.879;1.787;2.337;2.883;3.606;1.647;2.215;2.078;2.483;2.948
2018;Agosto;4.986;4.013;4.446;5.710;5.037;3.503;5.284;3.251;3.765;2.206;2.078;1.925;1.805;2.389;2.912;3.682;1.639;2.219;2.095;2.516;2.964
2018;Septiembre;4.975;3.997;4.442;5.655;5.121;3.546;5.331;3.243;3.763;2.246;2.089;1.977;1.800;2.404;2.906;3.693;1.604;2.267;2.086;2.575;3.047
2018;Octubre;4.971;4.013;4.482;5.700;5.170;3.588;5.333;3.309;3.813;2.278;2.109;1.986;1.818;2.428;2.941;3.711;1.606;2.286;2.097;2.522;3.042
2018;Noviembre;4.985;4.006;4.460;5.747;5.216;3.623;5.317;3.328;3.797;2.264;2.100;1.970;1.839;2.449;2.953;3.689;1.637;2.256;2.139;2.506;3.103
2018;Diciembre;4.973;4.027;4.478;5.710;5.198;3.629;5.311;3.360;3.803;2.274;2.105;1.971;1.862;2.499;2.990;3.687;1.650;2.273;2.132;2.485;3.088
2019;Enero;4.987;4.017;4.529;5.752;5.187;3.644;5.285;3.374;3.854;2.303;2.142;2.004;1.886;2.500;3.005;3.760;1.693;2.324;2.234;2.514;3.095
2019;Febrero;5.033;4.042;4.614;5.829;5.196;3.693;5.253;3.364;3.875;2.305;2.153;2.045;1.888;2.530;3.006;3.731;1.705;2.353;2.251;2.503;3.135
2019;Marzo;5.069;4.071;4.631;5.818;5.174;3.725;5.249;3.379;3.892;2.280;2.171;2.036;1.890;2.484;3.020;3.736;1.693;2.409;2.256;2.516;3.165
2019;Abril;5.034;4.095;4.637;5.850;5.102;3.731;5.276;3.418;3.905;2.291;2.176;2.034;1.901;2.483;3.046;3.715;1.717;2.414;2.251;2.551;3.181
2019;Mayo;4.991;4.080;4.669;5.848;5.051;3.722;5.287;3.402;3.950;2.290;2.193;2.039;1.913;2.495;3.073;3.697;1.729;2.421;2.266;2.542;3.169
2019;Junio;5.031;4.085;4.660;5.868;4.934;3.719;5.271;3.369;3.928;2.292;2.182;2.071;1.908;2.558;3.073;3.716;1.716;2.448;2.258;2.550;3.130
2019;Julio;5.044;4.096;4.598;5.860;4.941;3.702;5.309;3.436;3.931;2.276;2.157;2.043;1.915;2.616;3.108;3.727;1.716;2.413;2.227;2.545;3.159
2019;Agosto;4.993;4.073;4.575;5.791;4.931;3.719;5.347;3.447;3.910;2.293;2.168;2.060;1.926;2.588;3.142;3.713;1.708;2.400;2.228;2.532;3.142
2019;Septiembre;4.994;4.059;4.572;5.788;4.980;3.716;5.331;3.480;3.896;2.292;2.189;2.041;1.951;2.594;3.102;3.704;1.713;2.404;2.230;2.533;3.110
2019;Octubre;5.010;4.030;4.603;5.916;5.043;3.715;5.298;3.507;3.947;2.315;2.227;2.019;1.960;2.566;3.086;3.701;1.711;2.421;2.286;2.533;3.154
2019;Noviembre;5.043;4.043;4.600;5.890;5.022;3.694;5.280;3.545;3.973;2.303;2.215;2.015;1.958;2.558;3.051;3.634;1.700;2.429;2.270;2.505;3.229
2019;Diciembre;5.059;4.019;4.539;5.873;5.056;3.656;5.301;3.554;3.963;2.306;2.192;2.031;1.954;2.515;3.035;3.615;1.719;2.419;2.318;2.468;3.264
2020;Enero;5.096;3.983;4.572;5.872;5.070;3.635;5.304;3.548;3.946;2.299;2.187;2.043;1.957;2.500;3.020;3.688;1.730;2.434;2.355;2.488;3.202
2020;Febrero;5.088;3.894;4.549;5.786;5.105;3.689;5.363;3.516;3.945;2.311;2.208;2.072;1.945;2.500;3.036;3.737;1.730;2.364;2.346;2.491;3.211
2020;Marzo;5.026;3.878;4.555;5.815;5.118;3.725;5.386;3.530;3.939;2.341;2.192;2.065;1.946;2.467;3.034;3.738;1.734;2.367;2.322;2.499;3.235
2020;Abril;5.062;3.903;4.560;5.893;5.143;3.714;5.426;3.570;3.932;2.364;2.160;2.060;1.951;2.473;3.003;3.759;1.727;2.366;2.334;2.517;3.226
2020;Mayo;5.075;3.962;4.586;5.985;5.179;3.679;5.432;3.573;3.898;2.330;2.146;2.024;1.952;2.499;3.021;3.714;1.728;2.437;2.350;2.497;3.144
2020;Junio;5.061;3.948;4.564;5.986;5.180;3.696;5.419;3.544;3.913;2.330;2.134;2.024;1.926;2.478;2.961;3.710;1.707;2.471;2.331;2.446;3.156
2020;Julio;4.981;3.910;4.513;5.903;5.109;3.682;5.337;3.532;3.910;2.310;2.151;1.944;1.906;2.460;2.942;3.711;1.707;2.461;2.296;2.482;3.125
2020;Agosto;4.963;3.912;4.514;5.833;5.068;3.669;5.329;3.514;3.905;2.269;2.173;1.916;1.902;2.400;2.946;3.646;1.709;2.413;2.303;2.511;3.127
2020;Septiembre;4.934;3.915;4.548;5.826;5.056;3.660;5.374;3.488;3.913;2.254;2.172;1.939;1.897;2.426;2.961;3.601;1.712;2.389;2.323;2.538;3.139
2020;Octubre;4.909;3.908;4.517;5.808;5.040;3.661;5.334;3.498;3.877;2.246;2.172;1.939;1.893;2.495;2.950;3.583;1.716;2.363;2.324;2.538;3.175
2020;Noviembre;4.878;3.917;4.520;5.747;5.018;3.661;5.288;3.506;3.893;2.246;2.168;1.932;1.880;2.554;2.915;3.641;1.714;2.376;2.322;2.570;3.188
2020;Diciembre;4.865;3.888;4.502;5.740;4.999;3.649;5.283;3.491;3.912;2.246;2.165;1.942;1.887;2.569;2.912;3.668;1.706;2.384;2.318;2.558;3.147
2021;Enero;4.841;3.915;4.496;5.789;5.020;3.663;5.255;3.466;3.947;2.236;2.141;1.958;1.881;2.565;2.916;3.660;1.692;2.396;2.354;2.501;3.141
2021;Febrero;4.830;3.915;4.537;5.807;5.056;3.673;5.247;3.466;3.977;2.223;2.112;1.932;1.876;2.564;2.940;3.665;1.701;2.343;2.374;2.528;3.212
2021;Marzo;4.849;3.942;4.584;5.914;5.084;3.658;5.251;3.509;3.970;2.239;2.098;1.934;1.876;2.564;2.949;3.647;1.717;2.320;2.417;2.573;3.225
2021;Abril;4.809;3.932;4.583;5.933;5.097;3.648;5.241;3.521;3.969;2.257;2.104;1.966;1.874;2.545;2.933;3.688;1.707;2.307;2.451;2.554;3.195
2021;Mayo;4.802;4.000;4.692;5.949;5.115;3.637;5.248;3.518;4.004;2.265;2.155;1.975;1.909;2.544;2.945;3.754;1.721;2.313;2.438;2.520;3.131
2021;Junio;4.752;4.058;4.732;5.999;5.154;3.657;5.306;3.525;3.997;2.264;2.155;1.986;1.916;2.576;2.985;3.768;1.720;2.357;2.448;2.536;3.170
2021;Julio;4.793;4.000;4.705;6.063;5.137;3.664;5.347;3.504;3.999;2.254;2.123;1.997;1.902;2.585;3.004;3.812;1.717;2.394;2.448;2.595;3.225
2021;Agosto;4.827;3.986;4.715;6.061;5.110;3.646;5.347;3.536;4.020;2.266;2.107;1.993;1.905;2.565;2.981;3.836;1.703;2.394;2.370;2.586;3.340
2021;Septiembre;3.710;4.802;4.070;4.737;6.077;5.106;3.653;5.372;3.548;4.037;2.270;2.133;2.005;1.921;2.570;2.947;3.901;1.699;2.374;2.345;2.598
2021;Octubre;4.827;4.085;4.788;6.114;5.098;3.678;5.381;3.568;4.033;2.267;2.123;1.995;1.918;2.500;2.940;3.871;1.693;2.354;2.403;2.591;3.409
2021;Noviembre;4.867;4.067;4.802;6.058;5.096;3.670;5.414;3.553;4.054;2.267;2.118;1.999;1.920;2.497;2.957;3.832;1.696;2.374;2.403;2.583;3.414
2021;Diciembre;4.844;4.060;4.733;6.088;5.111;3.677;5.427;3.617;4.073;2.271;2.148;2.014;1.921;2.532;2.969;3.799;1.689;2.372;2.413;2.596;3.359
2022;Enero;4.896;4.059;4.724;6.149;5.198;3.691;5.460;3.624;4.091;2.298;2.142;2.023;1.934;2.534;2.995;3.816;1.685;2.408;2.440;2.575;3.373
2022;Febrero;4.987;4.087;4.864;6.191;5.219;3.690;5.454;3.685;4.083;2.260;2.145;2.023;1.934;2.513;3.031;3.876;1.694;2.414;2.589;2.528;3.378
2022;Marzo;5.043;4.085;4.955;6.311;5.293;3.756;5.487;3.692;4.105;2.267;2.168;2.040;1.941;2.506;3.020;3.964;1.702;2.459;2.526;2.546;3.345
2022;Abril;5.084;4.139;4.984;6.472;5.340;3.803;5.555;3.707;4.179;2.269;2.179;2.076;1.976;2.569;3.052;3.968;1.728;2.490;2.533;2.551;3.241
2022;Mayo;5.149;4.187;5.002;6.548;5.435;3.795;5.612;3.692;4.205;2.299;2.228;2.097;1.992;2.581;3.085;3.980;1.743;2.510;2.797;2.585;3.220
2022;Junio;5.175;4.283;4.958;6.650;5.522;3.842;5.688;3.691;4.213;2.374;2.256;2.141;2.053;2.651;3.117;3.990;1.784;2.523;2.837;2.618;3.237
2022;Julio;5.171;4.282;4.964;6.658;5.534;3.917;5.706;3.718;4.167;2.404;2.278;2.128;2.122;2.647;3.167;4.003;1.832;2.491;2.833;2.666;3.255
2022;Agosto;5.172;4.259;4.994;6.732;5.517;3.968;5.785;3.755;4.166;2.449;2.287;2.151;2.159;2.645;3.226;3.988;1.851;2.505;2.842;2.705;3.327
2022;Septiembre;5.187;4.259;5.018;6.714;5.560;3.976;5.915;3.784;4.211;2.433;2.322;2.142;2.147;2.654;3.288;3.972;1.837;2.420;2.784;2.777;3.301
2022;Octubre;5.218;4.321;5.094;6.652;5.590;3.978;5.887;3.841;4.287;2.444;2.318;2.145;2.116;2.633;3.290;3.946;1.832;2.449;2.822;2.808;3.385
2022;Noviembre;5.220;4.331;5.055;6.653;5.607;4.038;5.894;3.839;4.292;2.480;2.319;2.195;2.106;2.651;3.295;3.869;1.834;2.510;2.777;2.803;3.454
2022;Diciembre;5.205;4.331;5.017;6.633;5.590;4.051;5.870;3.807;4.291;2.476;2.333;2.182;2.112;2.614;3.255;3.824;1.834;2.529;2.708;2.776;3.414
2023;Enero;5.246;4.333;5.000;6.601;5.651;4.026;5.880;3.783;4.252;2.467;2.340;2.171;2.096;2.617;3.243;3.783;1.843;2.558;2.706;2.778;3.402
2023;Febrero;5.300;4.370;5.000;6.672;5.713;4.065;5.922;3.742;4.296;2.495;2.356;2.176;2.103;2.643;3.253;3.799;1.869;2.578;2.780;2.789;3.410
2023;Marzo;5.247;4.358;4.936;6.487;5.659;4.041;5.923;3.775;4.348;2.523;2.374;2.231;2.100;2.665;3.281;3.816;1.862;2.605;2.809;2.776;3.399
2023;Abril;5.292;4.376;4.908;6.489;5.614;4.068;5.928;3.803;4.397;2.543;2.398;2.250;2.136;2.687;3.352;3.865;1.885;2.648;2.865;2.792;3.351
2023;Mayo;5.357;4.396;4.998;6.532;5.654;4.094;5.921;3.825;4.406;2.522;2.448;2.246;2.172;2.744;3.384;3.900;1.912;2.688;2.918;2.758;3.411
2023;Junio;5.368;4.392;5.061;6.627;5.701;4.110;5.943;3.831;4.413;2.527;2.457;2.276;2.182;2.784;3.382;3.984;1.926;2.640;2.940;2.778;3.507
2023;Julio;5.361;4.450;5.002;6.654;5.732;4.088;5.986;3.825;4.365;2.544;2.453;2.260;2.175;2.797;3.361;3.971;1.947;2.620;2.918;2.787;3.504
2023;Agosto;5.381;4.488;5.065;6.729;5.735;4.125;6.044;3.822;4.406;2.564;2.507;2.290;2.213;2.772;3.384;3.954;1.953;2.659;2.918;2.788;3.472
2023;Septiembre;5.488;4.485;5.118;6.738;5.747;4.110;6.052;3.837;4.417;2.551;2.520;2.255;2.240;2.752;3.384;3.994;1.954;2.683;2.877;2.804;3.439
2023;Octubre;5.595;4.510;5.113;6.824;5.751;4.131;6.073;3.812;4.485;2.569;2.534;2.272;2.238;2.754;3.372;4.064;1.961;2.732;2.895;2.792;3.497
2023;Noviembre;5.719;4.501;5.095;6.924;5.785;4.145;6.116;3.821;4.537;2.566;2.531;2.280;2.224;2.763;3.404;4.041;1.937;2.691;2.867;2.805;3.451
2023;Diciembre;5.877;4.524;5.174;7.044;5.863;4.175;6.124;3.845;4.587;2.592;2.572;2.294;2.262;2.797;3.459;4.067;1.963;2.691;2.846;2.852;3.406
2024;Enero;5.986;4.541;5.206;7.186;5.938;4.165;6.161;3.866;4.611;2.611;2.592;2.311;2.267;2.830;3.484;4.100;1.982;2.758;2.899;2.888;3.452
2024;Febrero;6.091;4.570;5.329;7.253;5.956;4.260;6.271;3.882;4.673;2.634;2.602;2.335;2.305;2.974;3.467;4.129;1.977;2.772;2.862;2.858;3.513
2024;Marzo;6.144;4.595;5.447;7.374;6.039;4.344;6.347;3.909;4.700;2.699;2.612;2.368;2.344;3.030;3.497;4.133;1.988;2.800;2.897;2.863;3.549
2024;Abril;6.221;4.630;5.463;7.617;6.094;4.461;6.427;3.936;4.765;2.723;2.625;2.390;2.376;3.061;3.538;4.184;2.046;2.812;2.849;2.935;3.608
2024;Mayo;6.205;4.755;5.410;7.671;6.214;4.491;6.630;4.005;4.837;2.746;2.676;2.465;2.359;3.083;3.645;4.334;2.077;2.812;2.880;2.947;3.673
2024;Junio;6.170;4.850;5.549;7.846;6.285;4.536;6.665;4.038;4.876;2.772;2.712;2.497;2.367;3.136;3.676;4.368;2.070;2.830;2.947;2.996;3.686
2024;Julio;6.223;4.957;5.780;7.990;6.389;4.600;6.848;4.036;4.904;2.824;2.730;2.558;2.375;3.150;3.752;4.420;2.090;2.873;2.989;3.027;3.727
2024;Agosto;6.294;4.998;5.900;8.057;6.426;4.642;6.927;4.088;5.011;2.890;2.772;2.591;2.444;3.200;3.774;4.418;2.125;2.895;2.990;3.076;3.684
2024;Septiembre;6.397;4.999;6.019;8.292;6.430;4.671;6.977;4.109;5.030;2.928;2.784;2.609;2.439;3.163;3.862;4.399;2.122;2.899;3.093;3.025;3.758
2024;Octubre;6.546;5.079;6.085;8.458;6.446;4.818;7.106;4.255;5.095;2.993;2.817;2.688;2.488;3.213;3.971;4.423;2.167;2.910;3.263;3.123;3.899
2024;Noviembre;6.594;5.062;6.333;8.642;6.573;4.950;7.173;4.305;5.147;3.068;2.889;2.719;2.518;3.327;4.002;4.490;2.204;2.989;3.297;3.194;3.901
2024;Diciembre;6.619;5.154;6.548;8.818;6.632;4.996;7.305;4.333;5.323;3.112;2.933;2.755;2.605;3.434;4.052;4.541;2.252;3.119;3.270;3.280;3.845